FF7_Encoding,Texture,Index,Grid_X,Grid_Y,Character,Unicode
00,jafont_1,0,0,0,バ,0x30d0
01,jafont_1,1,1,0,ば,0x3070
02,jafont_1,2,2,0,ビ,0x30d3
03,jafont_1,3,3,0,び,0x3073
04,jafont_1,4,4,0,ブ,0x30d6
05,jafont_1,5,5,0,ぶ,0x3076
06,jafont_1,6,6,0,ベ,0x30d9
07,jafont_1,7,7,0,べ,0x3079
08,jafont_1,8,8,0,ボ,0x30dc
09,jafont_1,9,9,0,ぼ,0x307c
0A,jafont_1,10,10,0,ガ,0x30ac
0B,jafont_1,11,11,0,が,0x304c
0C,jafont_1,12,12,0,ギ,0x30ae
0D,jafont_1,13,13,0,ぎ,0x304e
0E,jafont_1,14,14,0,グ,0x30b0
0F,jafont_1,15,15,0,ぐ,0x3050
10,jafont_1,16,0,1,ゲ,0x30b2
11,jafont_1,17,1,1,げ,0x3052
12,jafont_1,18,2,1,ゴ,0x30b4
13,jafont_1,19,3,1,ご,0x3054
14,jafont_1,20,4,1,ザ,0x30b6
15,jafont_1,21,5,1,ざ,0x3056
16,jafont_1,22,6,1,ジ,0x30b8
17,jafont_1,23,7,1,じ,0x3058
18,jafont_1,24,8,1,ズ,0x30ba
19,jafont_1,25,9,1,ず,0x305a
1A,jafont_1,26,10,1,ゼ,0x30bc
1B,jafont_1,27,11,1,ぜ,0x305c
1C,jafont_1,28,12,1,ゾ,0x30be
1D,jafont_1,29,13,1,ぞ,0x305e
1E,jafont_1,30,14,1,ダ,0x30c0
1F,jafont_1,31,15,1,だ,0x3060
20,jafont_1,32,0,2,ヂ,0x30c2
21,jafont_1,33,1,2,ぢ,0x3062
22,jafont_1,34,2,2,ヅ,0x30c5
23,jafont_1,35,3,2,づ,0x3065
24,jafont_1,36,4,2,デ,0x30c7
25,jafont_1,37,5,2,で,0x3067
26,jafont_1,38,6,2,ド,0x30c9
27,jafont_1,39,7,2,ど,0x3069
28,jafont_1,40,8,2,ヴ,0x30f4
29,jafont_1,41,9,2,パ,0x30d1
2A,jafont_1,42,10,2,ぱ,0x3071
2B,jafont_1,43,11,2,ピ,0x30d4
2C,jafont_1,44,12,2,ぴ,0x3074
2D,jafont_1,45,13,2,プ,0x30d7
2E,jafont_1,46,14,2,ぷ,0x3077
2F,jafont_1,47,15,2,ペ,0x30da
30,jafont_1,48,0,3,ぺ,0x307a
31,jafont_1,49,1,3,ポ,0x30dd
32,jafont_1,50,2,3,ぽ,0x307d
33,jafont_1,51,3,3,０,0xff10
34,jafont_1,52,4,3,１,0xff11
35,jafont_1,53,5,3,２,0xff12
36,jafont_1,54,6,3,３,0xff13
37,jafont_1,55,7,3,４,0xff14
38,jafont_1,56,8,3,５,0xff15
39,jafont_1,57,9,3,６,0xff16
3A,jafont_1,58,10,3,７,0xff17
3B,jafont_1,59,11,3,８,0xff18
3C,jafont_1,60,12,3,９,0xff19
3D,jafont_1,61,13,3,、,0x3001
3E,jafont_1,62,14,3,。,0x3002
3F,jafont_1,63,15,3,・,0x30fb
40,jafont_1,64,0,4,ハ,0x30cf
41,jafont_1,65,1,4,は,0x306f
42,jafont_1,66,2,4,ヒ,0x30d2
43,jafont_1,67,3,4,ひ,0x3072
44,jafont_1,68,4,4,フ,0x30d5
45,jafont_1,69,5,4,ふ,0x3075
46,jafont_1,70,6,4,ヘ,0x30d8
47,jafont_1,71,7,4,へ,0x3078
48,jafont_1,72,8,4,ホ,0x30db
49,jafont_1,73,9,4,ほ,0x307b
4A,jafont_1,74,10,4,カ,0x30ab
4B,jafont_1,75,11,4,か,0x304b
4C,jafont_1,76,12,4,キ,0x30ad
4D,jafont_1,77,13,4,き,0x304d
4E,jafont_1,78,14,4,ク,0x30af
4F,jafont_1,79,15,4,く,0x304f
50,jafont_1,80,0,5,ケ,0x30b1
51,jafont_1,81,1,5,け,0x3051
52,jafont_1,82,2,5,コ,0x30b3
53,jafont_1,83,3,5,こ,0x3053
54,jafont_1,84,4,5,サ,0x30b5
55,jafont_1,85,5,5,さ,0x3055
56,jafont_1,86,6,5,シ,0x30b7
57,jafont_1,87,7,5,し,0x3057
58,jafont_1,88,8,5,ス,0x30b9
59,jafont_1,89,9,5,す,0x3059
5A,jafont_1,90,10,5,セ,0x30bb
5B,jafont_1,91,11,5,せ,0x305b
5C,jafont_1,92,12,5,ソ,0x30bd
5D,jafont_1,93,13,5,そ,0x305d
5E,jafont_1,94,14,5,タ,0x30bf
5F,jafont_1,95,15,5,た,0x305f
60,jafont_1,96,0,6,チ,0x30c1
61,jafont_1,97,1,6,ち,0x3061
62,jafont_1,98,2,6,ツ,0x30c4
63,jafont_1,99,3,6,つ,0x3064
64,jafont_1,100,4,6,テ,0x30c6
65,jafont_1,101,5,6,て,0x3066
66,jafont_1,102,6,6,ト,0x30c8
67,jafont_1,103,7,6,と,0x3068
68,jafont_1,104,8,6,ウ,0x30a6
69,jafont_1,105,9,6,う,0x3046
6A,jafont_1,106,10,6,ア,0x30a2
6B,jafont_1,107,11,6,あ,0x3042
6C,jafont_1,108,12,6,イ,0x30a4
6D,jafont_1,109,13,6,い,0x3044
6E,jafont_1,110,14,6,エ,0x30a8
6F,jafont_1,111,15,6,え,0x3048
70,jafont_1,112,0,7,オ,0x30aa
71,jafont_1,113,1,7,お,0x304a
72,jafont_1,114,2,7,ナ,0x30ca
73,jafont_1,115,3,7,な,0x306a
74,jafont_1,116,4,7,ニ,0x30cb
75,jafont_1,117,5,7,に,0x306b
76,jafont_1,118,6,7,ヌ,0x30cc
77,jafont_1,119,7,7,ぬ,0x306c
78,jafont_1,120,8,7,ネ,0x30cd
79,jafont_1,121,9,7,ね,0x306d
7A,jafont_1,122,10,7,ノ,0x30ce
7B,jafont_1,123,11,7,の,0x306e
7C,jafont_1,124,12,7,マ,0x30de
7D,jafont_1,125,13,7,ま,0x307e
7E,jafont_1,126,14,7,ミ,0x30df
7F,jafont_1,127,15,7,み,0x307f
80,jafont_1,128,0,8,ム,0x30e0
81,jafont_1,129,1,8,む,0x3080
82,jafont_1,130,2,8,メ,0x30e1
83,jafont_1,131,3,8,め,0x3081
84,jafont_1,132,4,8,モ,0x30e2
85,jafont_1,133,5,8,も,0x3082
86,jafont_1,134,6,8,ラ,0x30e9
87,jafont_1,135,7,8,ら,0x3089
88,jafont_1,136,8,8,リ,0x30ea
89,jafont_1,137,9,8,り,0x308a
8A,jafont_1,138,10,8,ル,0x30eb
8B,jafont_1,139,11,8,る,0x308b
8C,jafont_1,140,12,8,レ,0x30ec
8D,jafont_1,141,13,8,れ,0x308c
8E,jafont_1,142,14,8,ロ,0x30ed
8F,jafont_1,143,15,8,ろ,0x308d
90,jafont_1,144,0,9,ヤ,0x30e4
91,jafont_1,145,1,9,や,0x3084
92,jafont_1,146,2,9,ユ,0x30e6
93,jafont_1,147,3,9,ゆ,0x3086
94,jafont_1,148,4,9,ヨ,0x30e8
95,jafont_1,149,5,9,よ,0x3088
96,jafont_1,150,6,9,ワ,0x30ef
97,jafont_1,151,7,9,わ,0x308f
98,jafont_1,152,8,9,ン,0x30f3
99,jafont_1,153,9,9,ん,0x3093
9A,jafont_1,154,10,9,ヲ,0x30f2
9B,jafont_1,155,11,9,を,0x3092
9C,jafont_1,156,12,9,ッ,0x30c3
9D,jafont_1,157,13,9,っ,0x3063
9E,jafont_1,158,14,9,ャ,0x30e3
9F,jafont_1,159,15,9,ゃ,0x3083
A0,jafont_1,160,0,10,ュ,0x30e5
A1,jafont_1,161,1,10,ゅ,0x3085
A2,jafont_1,162,2,10,ョ,0x30e7
A3,jafont_1,163,3,10,ょ,0x3087
A4,jafont_1,164,4,10,ァ,0x30a1
A5,jafont_1,165,5,10,ぁ,0x3041
A6,jafont_1,166,6,10,ィ,0x30a3
A7,jafont_1,167,7,10,ぃ,0x3043
A8,jafont_1,168,8,10,ゥ,0x30a5
A9,jafont_1,169,9,10,ぅ,0x3045
AA,jafont_1,170,10,10,ェ,0x30a7
AB,jafont_1,171,11,10,ぇ,0x3047
AC,jafont_1,172,12,10,ォ,0x30a9
AD,jafont_1,173,13,10,ぉ,0x3049
AE,jafont_1,174,14,10,！,0xff01
AF,jafont_1,175,15,10,？,0xff1f
B0,jafont_1,176,0,11,『,0x300e
B1,jafont_1,177,1,11,』,0x300f
B2,jafont_1,178,2,11,。,0x3002
B3,jafont_1,179,3,11,＋,0xff0b
B4,jafont_1,180,4,11,Ａ,0xff21
B5,jafont_1,181,5,11,Ｂ,0xff22
B6,jafont_1,182,6,11,Ｃ,0xff23
B7,jafont_1,183,7,11,Ｄ,0xff24
B8,jafont_1,184,8,11,Ｅ,0xff25
B9,jafont_1,185,9,11,Ｆ,0xff26
BA,jafont_1,186,10,11,Ｇ,0xff27
BB,jafont_1,187,11,11,Ｈ,0xff28
BC,jafont_1,188,12,11,Ｉ,0xff29
BD,jafont_1,189,13,11,Ｊ,0xff2a
BE,jafont_1,190,14,11,Ｋ,0xff2b
BF,jafont_1,191,15,11,Ｌ,0xff2c
C0,jafont_1,192,0,12,Ｍ,0xff2d
C1,jafont_1,193,1,12,Ｎ,0xff2e
C2,jafont_1,194,2,12,Ｏ,0xff2f
C3,jafont_1,195,3,12,Ｐ,0xff30
C4,jafont_1,196,4,12,Ｑ,0xff31
C5,jafont_1,197,5,12,Ｒ,0xff32
C6,jafont_1,198,6,12,Ｓ,0xff33
C7,jafont_1,199,7,12,Ｔ,0xff34
C8,jafont_1,200,8,12,Ｕ,0xff35
C9,jafont_1,201,9,12,Ｖ,0xff36
CA,jafont_1,202,10,12,Ｗ,0xff37
CB,jafont_1,203,11,12,Ｘ,0xff38
CC,jafont_1,204,12,12,Ｙ,0xff39
CD,jafont_1,205,13,12,Ｚ,0xff3a
CE,jafont_1,206,14,12,・,0x30fb
CF,jafont_1,207,15,12,＊,0xff0a
D0,jafont_1,208,0,13,ー,0x30fc
D1,jafont_1,209,1,13,～,0xff5e
D2,jafont_1,210,2,13,…,0x2026
D3,jafont_1,211,3,13,％,0xff05
D4,jafont_1,212,4,13,／,0xff0f
D5,jafont_1,213,5,13,：,0xff1a
D6,jafont_1,214,6,13,＆,0xff06
D7,jafont_1,215,7,13,【,0x3010
D8,jafont_1,216,8,13,】,0x3011
D9,jafont_1,217,9,13, ,0x20
DA,jafont_1,218,10,13,→,0x2192
DB,jafont_1,219,11,13,α,0x3b1
DC,jafont_1,220,12,13,β,0x3b2
DD,jafont_1,221,13,13,「,0x300c
DE,jafont_1,222,14,13,」,0x300d
DF,jafont_1,223,15,13,（,0xff08
E0,jafont_1,224,0,14,）,0xff09
E1,jafont_1,225,1,14,−,0x2212
E2,jafont_1,226,2,14,＝,0xff1d
E3,jafont_1,227,3,14,,
E4,jafont_1,228,4,14,,
E5,jafont_1,229,5,14,,
E6,jafont_1,230,6,14,,
E7,jafont_1,231,7,14,,
E8,jafont_1,232,8,14,,
E9,jafont_1,233,9,14,,
EA,jafont_1,234,10,14,,
EB,jafont_1,235,11,14,,
EC,jafont_1,236,12,14,,
ED,jafont_1,237,13,14,,
EE,jafont_1,238,14,14,,
EF,jafont_1,239,15,14,,
F0,jafont_1,240,0,15,,
F1,jafont_1,241,1,15,,
F2,jafont_1,242,2,15,,
F3,jafont_1,243,3,15,,
F4,jafont_1,244,4,15,,
F5,jafont_1,245,5,15,,
F6,jafont_1,246,6,15,,
F7,jafont_1,247,7,15,,
F8,jafont_1,248,8,15,,
F9,jafont_1,249,9,15,,
FA,jafont_1,250,10,15,,
FB,jafont_1,251,11,15,,
FC,jafont_1,252,12,15,,
FD,jafont_1,253,13,15,,
FE,jafont_1,254,14,15,,
FF,jafont_1,255,15,15,,
FA 00,jafont_2,0,0,0,必,0x5fc5
FA 01,jafont_2,1,1,0,殺,0x6bba
FA 02,jafont_2,2,2,0,技,0x6280
FA 03,jafont_2,3,3,0,地,0x5730
FA 04,jafont_2,4,4,0,獄,0x7344
FA 05,jafont_2,5,5,0,火,0x706b
FA 06,jafont_2,6,6,0,炎,0x708e
FA 07,jafont_2,7,7,0,戦,0x6226
FA 08,jafont_2,8,8,0,雷,0x96f7
FA 09,jafont_2,9,9,0,大,0x5927
FA 0A,jafont_2,10,10,0,怒,0x6012
FA 0B,jafont_2,11,11,0,斬,0x65ac
FA 0C,jafont_2,12,12,0,鉄,0x9244
FA 0D,jafont_2,13,13,0,剣,0x5263
FA 0E,jafont_2,14,14,0,槍,0x69cd
FA 0F,jafont_2,15,15,0,海,0x6d77
FA 10,jafont_2,16,0,1,衝,0x885d
FA 11,jafont_2,17,1,1,聖,0x8056
FA 12,jafont_2,18,2,1,審,0x5be9
FA 13,jafont_2,19,3,1,判,0x5224
FA 14,jafont_2,20,4,1,転,0x8ee2
FA 15,jafont_2,21,5,1,生,0x751f
FA 16,jafont_2,22,6,1,改,0x6539
FA 17,jafont_2,23,7,1,暗,0x6697
FA 18,jafont_2,24,8,1,黒,0x9ed2
FA 19,jafont_2,25,9,1,釜,0x91dc
FA 1A,jafont_2,26,10,1,天,0x5929
FA 1B,jafont_2,27,11,1,崩,0x5d29
FA 1C,jafont_2,28,12,1,壊,0x58ca
FA 1D,jafont_2,29,13,1,零,0x96f6
FA 1E,jafont_2,30,14,1,式,0x5f0f
FA 1F,jafont_2,31,15,1,自,0x81ea
FA 20,jafont_2,32,0,2,爆,0x7206
FA 21,jafont_2,33,1,2,使,0x4f7f
FA 22,jafont_2,34,2,2,放,0x653e
FA 23,jafont_2,35,3,2,射,0x5c04
FA 24,jafont_2,36,4,2,臭,0x81ed
FA 25,jafont_2,37,5,2,息,0x606f
FA 26,jafont_2,38,6,2,死,0x6b7b
FA 27,jafont_2,39,7,2,宣,0x5ba3
FA 28,jafont_2,40,8,2,告,0x544a
FA 29,jafont_2,41,9,2,凶,0x51f6
FA 2A,jafont_2,42,10,2,破,0x7834
FA 2B,jafont_2,43,11,2,晄,0x6644
FA 2C,jafont_2,44,12,2,撃,0x6483
FA 2D,jafont_2,45,13,2,画,0x753b
FA 2E,jafont_2,46,14,2,龍,0x9f8d
FA 2F,jafont_2,47,15,2,晴,0x6674
FA 30,jafont_2,48,0,3,点,0x70b9
FA 31,jafont_2,49,1,3,睛,0x775b
FA 32,jafont_2,50,2,3,超,0x8d85
FA 33,jafont_2,51,3,3,究,0x7a76
FA 34,jafont_2,52,4,3,武,0x6b66
FA 35,jafont_2,53,5,3,神,0x795e
FA 36,jafont_2,54,6,3,覇,0x8987
FA 37,jafont_2,55,7,3,癒,0x7652
FA 38,jafont_2,56,8,3,風,0x98a8
FA 39,jafont_2,57,9,3,邪,0x90aa
FA 3A,jafont_2,58,10,3,気,0x6c17
FA 3B,jafont_2,59,11,3,封,0x5c01
FA 3C,jafont_2,60,12,3,印,0x5370
FA 3D,jafont_2,61,13,3,吹,0x5439
FA 3E,jafont_2,62,14,3,烙,0x70d9
FA 3F,jafont_2,63,15,3,星,0x661f
FA 40,jafont_2,64,0,4,守,0x5b88
FA 41,jafont_2,65,1,4,護,0x8b77
FA 42,jafont_2,66,2,4,命,0x547d
FA 43,jafont_2,67,3,4,鼓,0x9f13
FA 44,jafont_2,68,4,4,動,0x52d5
FA 45,jafont_2,69,5,4,福,0x798f
FA 46,jafont_2,70,6,4,音,0x97f3
FA 47,jafont_2,71,7,4,掌,0x638c
FA 48,jafont_2,72,8,4,打,0x6253
FA 49,jafont_2,73,9,4,水,0x6c34
FA 4A,jafont_2,74,10,4,面,0x9762
FA 4B,jafont_2,75,11,4,蹴,0x8e74
FA 4C,jafont_2,76,12,4,乱,0x4e71
FA 4D,jafont_2,77,13,4,闘,0x95d8
FA 4E,jafont_2,78,14,4,合,0x5408
FA 4F,jafont_2,79,15,4,体,0x4f53
FA 50,jafont_2,80,0,5,疾,0x75be
FA 51,jafont_2,81,1,5,迅,0x8fc5
FA 52,jafont_2,82,2,5,明,0x660e
FA 53,jafont_2,83,3,5,鏡,0x93e1
FA 54,jafont_2,84,4,5,止,0x6b62
FA 55,jafont_2,85,5,5,抜,0x629c
FA 56,jafont_2,86,6,5,山,0x5c71
FA 57,jafont_2,87,7,5,蓋,0x84cb
FA 58,jafont_2,88,8,5,世,0x4e16
FA 59,jafont_2,89,9,5,血,0x8840
FA 5A,jafont_2,90,10,5,祭,0x796d
FA 5B,jafont_2,91,11,5,鎧,0x93a7
FA 5C,jafont_2,92,12,5,袖,0x8896
FA 5D,jafont_2,93,13,5,一,0x4e00
FA 5E,jafont_2,94,14,5,触,0x89e6
FA 5F,jafont_2,95,15,5,者,0x8005
FA 60,jafont_2,96,0,6,滅,0x6ec5
FA 61,jafont_2,97,1,6,森,0x68ee
FA 62,jafont_2,98,2,6,羅,0x7f85
FA 63,jafont_2,99,3,6,万,0x4e07
FA 64,jafont_2,100,4,6,象,0x8c61
FA 65,jafont_2,101,5,6,装,0x88c5
FA 66,jafont_2,102,6,6,備,0x5099
FA 67,jafont_2,103,7,6,器,0x5668
FA 68,jafont_2,104,8,6,攻,0x653b
FA 69,jafont_2,105,9,6,魔,0x9b54
FA 6A,jafont_2,106,10,6,法,0x6cd5
FA 6B,jafont_2,107,11,6,召,0x53ec
FA 6C,jafont_2,108,12,6,喚,0x559a
FA 6D,jafont_2,109,13,6,獣,0x7363
FA 6E,jafont_2,110,14,6,呼,0x547c
FA 6F,jafont_2,111,15,6,出,0x51fa
FA 70,jafont_2,112,0,7,持,0x6301
FA 71,jafont_2,113,1,7,相,0x76f8
FA 72,jafont_2,114,2,7,手,0x624b
FA 73,jafont_2,115,3,7,物,0x7269
FA 74,jafont_2,116,4,7,確,0x78ba
FA 75,jafont_2,117,5,7,率,0x7387
FA 76,jafont_2,118,6,7,弱,0x5f31
FA 77,jafont_2,119,7,7,投,0x6295
FA 78,jafont_2,120,8,7,付,0x4ed8
FA 79,jafont_2,121,9,7,与,0x4e0e
FA 7A,jafont_2,122,10,7,変,0x5909
FA 7B,jafont_2,123,11,7,化,0x5316
FA 7C,jafont_2,124,12,7,片,0x7247
FA 7D,jafont_2,125,13,7,方,0x65b9
FA 7E,jafont_2,126,14,7,行,0x884c
FA 7F,jafont_2,127,15,7,決,0x6c7a
FA 80,jafont_2,128,0,8,定,0x5b9a
FA 81,jafont_2,129,1,8,分,0x5206
FA 82,jafont_2,130,2,8,直,0x76f4
FA 83,jafont_2,131,3,8,前,0x524d
FA 84,jafont_2,132,4,8,真,0x771f
FA 85,jafont_2,133,5,8,似,0x4f3c
FA 86,jafont_2,134,6,8,覚,0x899a
FA 87,jafont_2,135,7,8,列,0x5217
FA 88,jafont_2,136,8,8,後,0x5f8c
FA 89,jafont_2,137,9,8,位,0x4f4d
FA 8A,jafont_2,138,10,8,置,0x7f6e
FA 8B,jafont_2,139,11,8,防,0x9632
FA 8C,jafont_2,140,12,8,御,0x5fa1
FA 8D,jafont_2,141,13,8,発,0x767a
FA 8E,jafont_2,142,14,8,回,0x56de
FA 8F,jafont_2,143,15,8,連,0x9023
FA 90,jafont_2,144,0,9,続,0x7d9a
FA 91,jafont_2,145,1,9,敵,0x6575
FA 92,jafont_2,146,2,9,全,0x5168
FA 93,jafont_2,147,3,9,即,0x5373
FA 94,jafont_2,148,4,9,効,0x52b9
FA 95,jafont_2,149,5,9,果,0x679c
FA 96,jafont_2,150,6,9,尾,0x5c3e
FA 97,jafont_2,151,7,9,毒,0x6bd2
FA 98,jafont_2,152,8,9,消,0x6d88
FA 99,jafont_2,153,9,9,金,0x91d1
FA 9A,jafont_2,154,10,9,針,0x91dd
FA 9B,jafont_2,155,11,9,乙,0x4e59
FA 9C,jafont_2,156,12,9,女,0x5973
FA 9D,jafont_2,157,13,9,興,0x8208
FA 9E,jafont_2,158,14,9,奮,0x596e
FA 9F,jafont_2,159,15,9,剤,0x5264
FA A0,jafont_2,160,0,10,鎮,0x93ae
FA A1,jafont_2,161,1,10,静,0x9759
FA A2,jafont_2,162,2,10,能,0x80fd
FA A3,jafont_2,163,3,10,薬,0x85ac
FA A4,jafont_2,164,4,10,英,0x82f1
FA A5,jafont_2,165,5,10,雄,0x96c4
FA A6,jafont_2,166,6,10,榴,0x69b4
FA A7,jafont_2,167,7,10,弾,0x5f3e
FA A8,jafont_2,168,8,10,右,0x53f3
FA A9,jafont_2,169,9,10,腕,0x8155
FA AA,jafont_2,170,10,10,砂,0x7802
FA AB,jafont_2,171,11,10,時,0x6642
FA AC,jafont_2,172,12,10,計,0x8a08
FA AD,jafont_2,173,13,10,糸,0x7cf8
FA AE,jafont_2,174,14,10,戦,0x6226
FA AF,jafont_2,175,15,10,惑,0x60d1
FA B0,jafont_2,176,0,11,草,0x8349
FA B1,jafont_2,177,1,11,牙,0x7259
FA B2,jafont_2,178,2,11,南,0x5357
FA B3,jafont_2,179,3,11,極,0x6975
FA B4,jafont_2,180,4,11,冷,0x51b7
FA B5,jafont_2,181,5,11,結,0x7d50
FA B6,jafont_2,182,6,11,晶,0x6676
FA B7,jafont_2,183,7,11,電,0x96fb
FA B8,jafont_2,184,8,11,鳥,0x9ce5
FA B9,jafont_2,185,9,11,角,0x89d2
FA BA,jafont_2,186,10,11,有,0x6709
FA BB,jafont_2,187,11,11,雪,0x96ea
FA BC,jafont_2,188,12,11,爪,0x722a
FA BD,jafont_2,189,13,11,光,0x5149
FA BE,jafont_2,190,14,11,月,0x6708
FA BF,jafont_2,191,15,11,,
FA C0,jafont_2,192,0,12,反,0x53cd
FA C1,jafont_2,193,1,12,巨,0x5de8
FA C2,jafont_2,194,2,12,目,0x76ee
FA C3,jafont_2,195,3,12,砲,0x7832
FA C4,jafont_2,196,4,12,重,0x91cd
FA C5,jafont_2,197,5,12,力,0x529b
FA C6,jafont_2,198,6,12,球,0x7403
FA C7,jafont_2,199,7,12,空,0x7a7a
FA C8,jafont_2,200,8,12,双,0x53cc
FA C9,jafont_2,201,9,12,野,0x91ce
FA CA,jafont_2,202,10,12,菜,0x83dc
FA CB,jafont_2,203,11,12,美,0x7f8e
FA CC,jafont_2,204,12,12,兵,0x5175
FA CD,jafont_2,205,13,12,単,0x5358
FA CE,jafont_2,206,14,12,毛,0x6bdb
FA CF,jafont_2,207,15,12,茶,0x8336
FA D0,jafont_2,208,0,13,色,0x8272
FA D1,jafont_2,209,1,13,髪,0x9aea
FA D2,jafont_2,210,2,13,,
FA D3,jafont_2,211,3,13,,
FA D4,jafont_2,212,4,13,,
FA D5,jafont_2,213,5,13,,
FA D6,jafont_2,214,6,13,,
FA D7,jafont_2,215,7,13,,
FA D8,jafont_2,216,8,13,,
FA D9,jafont_2,217,9,13,,
FA DA,jafont_2,218,10,13,,
FA DB,jafont_2,219,11,13,,
FA DC,jafont_2,220,12,13,,
FA DD,jafont_2,221,13,13,,
FA DE,jafont_2,222,14,13,,
FA DF,jafont_2,223,15,13,,
FA E0,jafont_2,224,0,14,【,0x3010
FA E1,jafont_2,225,1,14,】,0x3011
FA E2,jafont_2,226,2,14,;,0x3b
FA E3,jafont_2,227,3,14,〝,0x301d
FA E4,jafont_2,228,4,14,〟,0x301f
FA E5,jafont_2,229,5,14,￥,0xffe5
FA E6,jafont_2,230,6,14,、,0x3001
FA E7,jafont_2,231,7,14,＾,0xff3e
FA E8,jafont_2,232,8,14,＠,0xff20
FA E9,jafont_2,233,9,14,＿,0xff3f
FA EA,jafont_2,234,10,14,↑,0x2191
FA EB,jafont_2,235,11,14,←,0x2190
FA EC,jafont_2,236,12,14,↓,0x2193
FA ED,jafont_2,237,13,14,漢,0x6f22
FA EE,jafont_2,238,14,14,,
FA EF,jafont_2,239,15,14,,
FA F0,jafont_2,240,0,15,,
FA F1,jafont_2,241,1,15,,
FA F2,jafont_2,242,2,15,,
FA F3,jafont_2,243,3,15,,
FA F4,jafont_2,244,4,15,,
FA F5,jafont_2,245,5,15,,
FA F6,jafont_2,246,6,15,,
FA F7,jafont_2,247,7,15,,
FA F8,jafont_2,248,8,15,,
FA F9,jafont_2,249,9,15,,
FA FA,jafont_2,250,10,15,,
FA FB,jafont_2,251,11,15,,
FA FC,jafont_2,252,12,15,,
FA FD,jafont_2,253,13,15,,
FA FE,jafont_2,254,14,15,,
FA FF,jafont_2,255,15,15,,
FB 00,jafont_3,0,0,0,安,0x5b89
FB 01,jafont_3,1,1,0,香,0x9999
FB 02,jafont_3,2,2,0,花,0x82b1
FB 03,jafont_3,3,3,0,会,0x4f1a
FB 04,jafont_3,4,4,0,員,0x54e1
FB 05,jafont_3,5,5,0,蟹,0x87f9
FB 06,jafont_3,6,6,0,蝕,0x8755
FB 07,jafont_3,7,7,0,下,0x4e0b
FB 08,jafont_3,8,8,0,着,0x7740
FB 09,jafont_3,9,9,0,入,0x5165
FB 0A,jafont_3,10,10,0,充,0x5145
FB 0B,jafont_3,11,11,0,不,0x4e0d
FB 0C,jafont_3,12,12,0,子,0x5b50
FB 0D,jafont_3,13,13,0,供,0x4f9b
FB 0E,jafont_3,14,14,0,量,0x91cf
FB 0F,jafont_3,15,15,0,,
FB 10,jafont_3,16,0,1,品,0x54c1
FB 11,jafont_3,17,1,1,最,0x6700
FB 12,jafont_3,18,2,1,愛,0x611b
FB 13,jafont_3,19,3,1,沿,0x6cbf
FB 14,jafont_3,20,4,1,陥,0x9665
FB 15,jafont_3,21,5,1,聡,0x8061
FB 16,jafont_3,22,6,1,訓,0x8a13
FB 17,jafont_3,23,7,1,部,0x90e8
FB 18,jafont_3,24,8,1,建,0x5efa
FB 19,jafont_3,25,9,1,場,0x5834
FB 1A,jafont_3,26,10,1,所,0x6240
FB 1B,jafont_3,27,11,1,中,0x4e2d
FB 1C,jafont_3,28,12,1,間,0x9593
FB 1D,jafont_3,29,13,1,無,0x7121
FB 1E,jafont_3,30,14,1,調,0x8abf
FB 1F,jafont_3,31,15,1,,
FB 20,jafont_3,32,0,2,残,0x6b8b
FB 21,jafont_3,33,1,2,欲,0x6b32
FB 22,jafont_3,34,2,2,感,0x611f
FB 23,jafont_3,35,3,2,凍,0x51cd
FB 24,jafont_3,36,4,2,氷,0x6c37
FB 25,jafont_3,37,5,2,河,0x6cb3
FB 26,jafont_3,38,6,2,口,0x53e3
FB 27,jafont_3,39,7,2,何,0x4f55
FB 28,jafont_3,40,8,2,封,0x5c01
FB 29,jafont_3,41,9,2,雪,0x96ea
FB 2A,jafont_3,42,10,2,上,0x4e0a
FB 2B,jafont_3,43,11,2,進,0x9032
FB 2C,jafont_3,44,12,2,華,0x83ef
FB 2D,jafont_3,45,13,2,古,0x53e4
FB 2E,jafont_3,46,14,2,代,0x4ee3
FB 2F,jafont_3,47,15,2,,
FB 30,jafont_3,48,0,3,種,0x7a2e
FB 31,jafont_3,49,1,3,遭,0x906d
FB 32,jafont_3,50,2,3,遇,0x9047
FB 33,jafont_3,51,3,3,城,0x57ce
FB 34,jafont_3,52,4,3,町,0x753a
FB 35,jafont_3,53,5,3,仕,0x4ed5
FB 36,jafont_3,54,6,3,奥,0x5965
FB 37,jafont_3,55,7,3,深,0x6df1
FB 38,jafont_3,56,8,3,奪,0x596a
FB 39,jafont_3,57,9,3,奔,0x5954
FB 3A,jafont_3,58,10,3,前,0x524d
FB 3B,jafont_3,59,11,3,南,0x5357
FB 3C,jafont_3,60,12,3,胃,0x80c3
FB 3D,jafont_3,61,13,3,腸,0x8178
FB 3E,jafont_3,62,14,3,堤,0x5824
FB 3F,jafont_3,63,15,3,,
FB 40,jafont_3,64,0,4,傷,0x50b7
FB 41,jafont_3,65,1,4,黄,0x9ec4
FB 42,jafont_3,66,2,4,金,0x91d1
FB 43,jafont_3,67,3,4,尊,0x5c0a
FB 44,jafont_3,68,4,4,帯,0x5e2f
FB 45,jafont_3,69,5,4,通,0x901a
FB 46,jafont_3,70,6,4,名,0x540d
FB 47,jafont_3,71,7,4,父,0x7236
FB 48,jafont_3,72,8,4,叔,0x53d4
FB 49,jafont_3,73,9,4,沖,0x6c96
FB 4A,jafont_3,74,10,4,青,0x9752
FB 4B,jafont_3,75,11,4,魔,0x9b54
FB 4C,jafont_3,76,12,4,刃,0x5203
FB 4D,jafont_3,77,13,4,教,0x6559
FB 4E,jafont_3,78,14,4,十,0x5341
FB 4F,jafont_3,79,15,4,,
FB 50,jafont_3,80,0,5,字,0x5b57
FB 51,jafont_3,81,1,5,東,0x6771
FB 52,jafont_3,82,2,5,早,0x65e9
FB 53,jafont_3,83,3,5,崎,0x5d0e
FB 54,jafont_3,84,4,5,坊,0x574a
FB 55,jafont_3,85,5,5,折,0x6298
FB 56,jafont_3,86,6,5,鋼,0x92fc
FB 57,jafont_3,87,7,5,具,0x5177
FB 58,jafont_3,88,8,5,鍛,0x935b
FB 59,jafont_3,89,9,5,冶,0x51b6
FB 5A,jafont_3,90,10,5,雲,0x96f2
FB 5B,jafont_3,91,11,5,見,0x898b
FB 5C,jafont_3,92,12,5,空,0x7a7a
FB 5D,jafont_3,93,13,5,強,0x5f37
FB 5E,jafont_3,94,14,5,正,0x6b63
FB 5F,jafont_3,95,15,5,,
FB 60,jafont_3,96,0,6,会,0x4f1a
FB 61,jafont_3,97,1,6,卓,0x5353
FB 62,jafont_3,98,2,6,甲,0x7532
FB 63,jafont_3,99,3,6,鷹,0x9df9
FB 64,jafont_3,100,4,6,眼,0x773c
FB 65,jafont_3,101,5,6,吸,0x5438
FB 66,jafont_3,102,6,6,収,0x53ce
FB 67,jafont_3,103,7,6,半,0x534a
FB 68,jafont_3,104,8,6,減,0x6e1b
FB 69,jafont_3,105,9,6,土,0x571f
FB 6A,jafont_3,106,10,6,高,0x9ad8
FB 6B,jafont_3,107,11,6,級,0x7d1a
FB 6C,jafont_3,108,12,6,休,0x4f11
FB 6D,jafont_3,109,13,6,憩,0x61a9
FB 6E,jafont_3,110,14,6,緊,0x7dca
FB 6F,jafont_3,111,15,6,,
FB 70,jafont_3,112,0,7,闘,0x95d8
FB 71,jafont_3,113,1,7,壁,0x58c1
FB 72,jafont_3,114,2,7,石,0x77f3
FB 73,jafont_3,115,3,7,傾,0x50be
FB 74,jafont_3,116,4,7,々,0x3005
FB 75,jafont_3,117,5,7,砕,0x7815
FB 76,jafont_3,118,6,7,指,0x6307
FB 77,jafont_3,119,7,7,環,0x74b0
FB 78,jafont_3,120,8,7,状,0x72b6
FB 79,jafont_3,121,9,7,現,0x73fe
FB 7A,jafont_3,122,10,7,治,0x6cbb
FB 7B,jafont_3,123,11,7,路,0x8def
FB 7C,jafont_3,124,12,7,復,0x5fa9
FB 7D,jafont_3,125,13,7,久,0x4e45
FB 7E,jafont_3,126,14,7,帰,0x5e30
FB 7F,jafont_3,127,15,7,,
FB 80,jafont_3,128,0,8,還,0x9084
FB 81,jafont_3,129,1,8,同,0x540c
FB 82,jafont_3,130,2,8,逆,0x9006
FB 83,jafont_3,131,3,8,返,0x8fd4
FB 84,jafont_3,132,4,8,追,0x8ffd
FB 85,jafont_3,133,5,8,運,0x904b
FB 86,jafont_3,134,6,8,場,0x5834
FB 87,jafont_3,135,7,8,吐,0x5410
FB 88,jafont_3,136,8,8,瞳,0x77b3
FB 89,jafont_3,137,9,8,融,0x878d
FB 8A,jafont_3,138,10,8,解,0x89e3
FB 8B,jafont_3,139,11,8,裏,0x88cf
FB 8C,jafont_3,140,12,8,敬,0x656c
FB 8D,jafont_3,141,13,8,故,0x6545
FB 8E,jafont_3,142,14,8,激,0x6fc0
FB 8F,jafont_3,143,15,8,,
FB 90,jafont_3,144,0,9,近,0x8fd1
FB 91,jafont_3,145,1,9,人,0x4eba
FB 92,jafont_3,146,2,9,今,0x4eca
FB 93,jafont_3,147,3,9,多,0x591a
FB 94,jafont_3,148,4,9,雑,0x96d1
FB 95,jafont_3,149,5,9,陣,0x9663
FB 96,jafont_3,150,6,9,当,0x5f53
FB 97,jafont_3,151,7,9,数,0x6570
FB 98,jafont_3,152,8,9,別,0x5225
FB 99,jafont_3,153,9,9,以,0x4ee5
FB 9A,jafont_3,154,10,9,外,0x5916
FB 9B,jafont_3,155,11,9,観,0x89b3
FB 9C,jafont_3,156,12,9,激,0x6fc0
FB 9D,jafont_3,157,13,9,増,0x5897
FB 9E,jafont_3,158,14,9,影,0x5f71
FB 9F,jafont_3,159,15,9,中,0x4e2d
FB A0,jafont_3,160,0,10,症,0x75c7
FB A1,jafont_3,161,1,10,張,0x5f35
FB A2,jafont_3,162,2,10,敗,0x6557
FB A3,jafont_3,163,3,10,箇,0x7b87
FB A4,jafont_3,164,4,10,所,0x6240
FB A5,jafont_3,165,5,10,械,0x68b0
FB A6,jafont_3,166,6,10,破,0x7834
FB A7,jafont_3,167,7,10,壊,0x58ca
FB A8,jafont_3,168,8,10,新,0x65b0
FB A9,jafont_3,169,9,10,本,0x672c
FB AA,jafont_3,170,10,10,来,0x6765
FB AB,jafont_3,171,11,10,退,0x9000
FB AC,jafont_3,172,12,10,同,0x540c
FB AD,jafont_3,173,13,10,作,0x4f5c
FB AE,jafont_3,174,14,10,情,0x60c5
FB AF,jafont_3,175,15,10,,
FB B0,jafont_3,176,0,11,形,0x5f62
FB B1,jafont_3,177,1,11,状,0x72b6
FB B2,jafont_3,178,2,11,被,0x88ab
FB B3,jafont_3,179,3,11,六,0x516d
FB B4,jafont_3,180,4,11,大,0x5927
FB B5,jafont_3,181,5,11,蔵,0x8535
FB B6,jafont_3,182,6,11,七,0x4e03
FB B7,jafont_3,183,7,11,極,0x6975
FB B8,jafont_3,184,8,11,鋼,0x92fc
FB B9,jafont_3,185,9,11,逃,0x9003
FB BA,jafont_3,186,10,11,刻,0x523b
FB BB,jafont_3,187,11,11,渡,0x6e21
FB BC,jafont_3,188,12,11,号,0x53f7
FB BD,jafont_3,189,13,11,得,0x5f97
FB BE,jafont_3,190,14,11,ち,0x3061
FB BF,jafont_3,191,15,11,,
FB C0,jafont_3,192,0,12,獲,0x7372
FB C1,jafont_3,193,1,12,去,0x53bb
FB C2,jafont_3,194,2,12,首,0x9996
FB C3,jafont_3,195,3,12,長,0x9577
FB C4,jafont_3,196,4,12,禍,0x798d
FB C5,jafont_3,197,5,12,盟,0x76df
FB C6,jafont_3,198,6,12,全,0x5168
FB C7,jafont_3,199,7,12,席,0x5e2d
FB C8,jafont_3,200,8,12,巣,0x5de3
FB C9,jafont_3,201,9,12,窓,0x7a93
FB CA,jafont_3,202,10,12,想,0x60f3
FB CB,jafont_3,203,11,12,番,0x756a
FB CC,jafont_3,204,12,12,得,0x5f97
FB CD,jafont_3,205,13,12,攻,0x653b
FB CE,jafont_3,206,14,12,勇,0x52c7
FB CF,jafont_3,207,15,12,,
FB D0,jafont_3,208,0,13,導,0x5c0e
FB D1,jafont_3,209,1,13,成,0x6210
FB D2,jafont_3,210,2,13,隻,0x96bb
FB D3,jafont_3,211,3,13,員,0x54e1
FB D4,jafont_3,212,4,13,切,0x5207
FB D5,jafont_3,213,5,13,番,0x756a
FB D6,jafont_3,214,6,13,由,0x7531
FB D7,jafont_3,215,7,13,判,0x5224
FB D8,jafont_3,216,8,13,記,0x8a18
FB D9,jafont_3,217,9,13,応,0x5fdc
FB DA,jafont_3,218,10,13,低,0x4f4e
FB DB,jafont_3,219,11,13,炭,0x70ad
FB DC,jafont_3,220,12,13,鉱,0x9271
FB DD,jafont_3,221,13,13,恋,0x604b
FB DE,jafont_3,222,14,13,道,0x9053
FB DF,jafont_3,223,15,13,,
FB E0,jafont_3,224,0,14,都,0x90fd
FB E1,jafont_3,225,1,14,通,0x901a
FB E2,jafont_3,226,2,14,協,0x5354
FB E3,jafont_3,227,3,14,彼,0x5f7c
FB E4,jafont_3,228,4,14,種,0x7a2e
FB E5,jafont_3,229,5,14,運,0x904b
FB E6,jafont_3,230,6,14,路,0x8def
FB E7,jafont_3,231,7,14,凶,0x51f6
FB E8,jafont_3,232,8,14,止,0x6b62
FB E9,jafont_3,233,9,14,銀,0x9280
FB EA,jafont_3,234,10,14,来,0x6765
FB EB,jafont_3,235,11,14,宿,0x5bbf
FB EC,jafont_3,236,12,14,西,0x897f
FB ED,jafont_3,237,13,14,道,0x9053
FB EE,jafont_3,238,14,14,頂,0x9802
FB EF,jafont_3,239,15,14,,
FB F0,jafont_3,240,0,15,,
FB F1,jafont_3,241,1,15,,
FB F2,jafont_3,242,2,15,,
FB F3,jafont_3,243,3,15,,
FB F4,jafont_3,244,4,15,,
FB F5,jafont_3,245,5,15,,
FB F6,jafont_3,246,6,15,,
FB F7,jafont_3,247,7,15,,
FB F8,jafont_3,248,8,15,,
FB F9,jafont_3,249,9,15,,
FB FA,jafont_3,250,10,15,,
FB FB,jafont_3,251,11,15,,
FB FC,jafont_3,252,12,15,,
FB FD,jafont_3,253,13,15,,
FB FE,jafont_3,254,14,15,,
FB FF,jafont_3,255,15,15,,
FC 00,jafont_4,0,0,0,由,0x7531
FC 01,jafont_4,1,1,0,閉,0x9589
FC 02,jafont_4,2,2,0,記,0x8a18
FC 03,jafont_4,3,3,0,憶,0x61b6
FC 04,jafont_4,4,4,0,選,0x9078
FC 05,jafont_4,5,5,0,番,0x756a
FC 06,jafont_4,6,6,0,街,0x8857
FC 07,jafont_4,7,7,0,底,0x5e95
FC 08,jafont_4,8,8,0,忘,0x5fd8
FC 09,jafont_4,9,9,0,都,0x90fd
FC 0A,jafont_4,10,10,0,過,0x904e
FC 0B,jafont_4,11,11,0,経,0x7d4c
FC 0C,jafont_4,12,12,0,路,0x8def
FC 0D,jafont_4,13,13,0,連,0x9023
FC 0E,jafont_4,14,14,0,搬,0x642c
FC 0F,jafont_4,15,15,0,船,0x8239
FC 10,jafont_4,16,0,1,墓,0x5893
FC 11,jafont_4,17,1,1,心,0x5fc3
FC 12,jafont_4,18,2,1,港,0x6e2f
FC 13,jafont_4,19,3,1,末,0x672b
FC 14,jafont_4,20,4,1,宿,0x5bbf
FC 15,jafont_4,21,5,1,西,0x897f
FC 16,jafont_4,22,6,1,道,0x9053
FC 17,jafont_4,23,7,1,鑑,0x9451
FC 18,jafont_4,24,8,1,家,0x5bb6
FC 19,jafont_4,25,9,1,乗,0x4e57
FC 1A,jafont_4,26,10,1,竜,0x7adc
FC 1B,jafont_4,27,11,1,巻,0x5dfb
FC 1C,jafont_4,28,12,1,迷,0x8ff7
FC 1D,jafont_4,29,13,1,宮,0x5bae
FC 1E,jafont_4,30,14,1,絶,0x7d76
FC 1F,jafont_4,31,15,1,壁,0x58c1
FC 20,jafont_4,32,0,2,支,0x652f
FC 21,jafont_4,33,1,2,社,0x793e
FC 22,jafont_4,34,2,2,久,0x4e45
FC 23,jafont_4,35,3,2,件,0x4ef6
FC 24,jafont_4,36,4,2,想,0x60f3
FC 25,jafont_4,37,5,2,秒,0x79d2
FC 26,jafont_4,38,6,2,予,0x4e88
FC 27,jafont_4,39,7,2,多,0x591a
FC 28,jafont_4,40,8,2,落,0x843d
FC 29,jafont_4,41,9,2,受,0x53d7
FC 2A,jafont_4,42,10,2,組,0x7d44
FC 2B,jafont_4,43,11,2,余,0x4f59
FC 2C,jafont_4,44,12,2,糸,0x7cf8
FC 2D,jafont_4,45,13,2,標,0x6a19
FC 2E,jafont_4,46,14,2,起,0x8d77
FC 2F,jafont_4,47,15,2,迫,0x8feb
FC 30,jafont_4,48,0,3,日,0x65e5
FC 31,jafont_4,49,1,3,勝,0x52dd
FC 32,jafont_4,50,2,3,形,0x5f62
FC 33,jafont_4,51,3,3,引,0x5f15
FC 34,jafont_4,52,4,3,現,0x73fe
FC 35,jafont_4,53,5,3,解,0x89e3
FC 36,jafont_4,54,6,3,除,0x9664
FC 37,jafont_4,55,7,3,磁,0x78c1
FC 38,jafont_4,56,8,3,互,0x4e92
FC 39,jafont_4,57,9,3,口,0x53e3
FC 3A,jafont_4,58,10,3,廃,0x5ec3
FC 3B,jafont_4,59,11,3,棄,0x68c4
FC 3C,jafont_4,60,12,3,汚,0x6c5a
FC 3D,jafont_4,61,13,3,染,0x67d3
FC 3E,jafont_4,62,14,3,液,0x6db2
FC 3F,jafont_4,63,15,3,活,0x6d3b
FC 40,jafont_4,64,0,4,令,0x4ee4
FC 41,jafont_4,65,1,4,副,0x526f
FC 42,jafont_4,66,2,4,隠,0x96a0
FC 43,jafont_4,67,3,4,主,0x4e3b
FC 44,jafont_4,68,4,4,斉,0x6589
FC 45,jafont_4,69,5,4,登,0x767b
FC 46,jafont_4,70,6,4,温,0x6e29
FC 47,jafont_4,71,7,4,泉,0x6cc9
FC 48,jafont_4,72,8,4,百,0x767e
FC 49,jafont_4,73,9,4,段,0x6bb5
FC 4A,jafont_4,74,10,4,熱,0x71b1
FC 4B,jafont_4,75,11,4,走,0x8d70
FC 4C,jafont_4,76,12,4,急,0x6025
FC 4D,jafont_4,77,13,4,降,0x964d
FC 4E,jafont_4,78,14,4,等,0x7b49
FC 4F,jafont_4,79,15,4,響,0x97ff
FC 50,jafont_4,80,0,5,風,0x98a8
FC 51,jafont_4,81,1,5,移,0x79fb
FC 52,jafont_4,82,2,5,危,0x5371
FC 53,jafont_4,83,3,5,冗,0x5197
FC 54,jafont_4,84,4,5,這,0x9019
FC 55,jafont_4,85,5,5,吹,0x5439
FC 56,jafont_4,86,6,5,軟,0x8edf
FC 57,jafont_4,87,7,5,骨,0x9aa8
FC 58,jafont_4,88,8,5,言,0x8a00
FC 59,jafont_4,89,9,5,葉,0x8449
FC 5A,jafont_4,90,10,5,震,0x9707
FC 5B,jafont_4,91,11,5,叫,0x53eb
FC 5C,jafont_4,92,12,5,噴,0x5674
FC 5D,jafont_4,93,13,5,舞,0x821e
FC 5E,jafont_4,94,14,5,狩,0x72e9
FC 5F,jafont_4,95,15,5,粉,0x7c89
FC 60,jafont_4,96,0,6,失,0x5931
FC 61,jafont_4,97,1,6,敗,0x6557
FC 62,jafont_4,98,2,6,眼,0x773c
FC 63,jafont_4,99,3,6,激,0x6fc0
FC 64,jafont_4,100,4,6,盤,0x76e4
FC 65,jafont_4,101,5,6,逆,0x9006
FC 66,jafont_4,102,6,6,鱗,0x9c57
FC 67,jafont_4,103,7,6,踏,0x8e0f
FC 68,jafont_4,104,8,6,喰,0x55b0
FC 69,jafont_4,105,9,6,盾,0x76fe
FC 6A,jafont_4,106,10,6,卯,0x536f
FC 6B,jafont_4,107,11,6,食,0x98df
FC 6C,jafont_4,108,12,6,凍,0x51cd
FC 6D,jafont_4,109,13,6,退,0x9000
FC 6E,jafont_4,110,14,6,木,0x6728
FC 6F,jafont_4,111,15,6,吐,0x5410
FC 70,jafont_4,112,0,7,線,0x7dda
FC 71,jafont_4,113,1,7,魅,0x9b45
FC 72,jafont_4,114,2,7,押,0x62bc
FC 73,jafont_4,115,3,7,潰,0x6f70
FC 74,jafont_4,116,4,7,曲,0x66f2
FC 75,jafont_4,117,5,7,翼,0x7ffc
FC 76,jafont_4,118,6,7,教,0x6559
FC 77,jafont_4,119,7,7,皇,0x7687
FC 78,jafont_4,120,8,7,太,0x592a
FC 79,jafont_4,121,9,7,陽,0x967d
FC 7A,jafont_4,122,10,7,界,0x754c
FC 7B,jafont_4,123,11,7,案,0x6848
FC 7C,jafont_4,124,12,7,挑,0x6311
FC 7D,jafont_4,125,13,7,援,0x63f4
FC 7E,jafont_4,126,14,7,亦,0x4ea6
FC 7F,jafont_4,127,15,7,住,0x4f4f
FC 80,jafont_4,128,0,8,政,0x653f
FC 81,jafont_4,129,1,8,意,0x610f
FC 82,jafont_4,130,2,8,東,0x6771
FC 83,jafont_4,131,3,8,北,0x5317
FC 84,jafont_4,132,4,8,参,0x53c2
FC 85,jafont_4,133,5,8,知,0x77e5
FC 86,jafont_4,134,6,8,聞,0x805e
FC 87,jafont_4,135,7,8,来,0x6765
FC 88,jafont_4,136,8,8,仕,0x4ed5
FC 89,jafont_4,137,9,8,別,0x5225
FC 8A,jafont_4,138,10,8,集,0x96c6
FC 8B,jafont_4,139,11,8,信,0x4fe1
FC 8C,jafont_4,140,12,8,用,0x7528
FC 8D,jafont_4,141,13,8,思,0x601d
FC 8E,jafont_4,142,14,8,毎,0x6bce
FC 8F,jafont_4,143,15,8,悪,0x60aa
FC 90,jafont_4,144,0,9,枯,0x67af
FC 91,jafont_4,145,1,9,考,0x8003
FC 92,jafont_4,146,2,9,然,0x7136
FC 93,jafont_4,147,3,9,張,0x5f35
FC 94,jafont_4,148,4,9,好,0x597d
FC 95,jafont_4,149,5,9,伍,0x4f0d
FC 96,jafont_4,150,6,9,早,0x65e9
FC 97,jafont_4,151,7,9,各,0x5404
FC 98,jafont_4,152,8,9,独,0x72ec
FC 99,jafont_4,153,9,9,配,0x914d
FC 9A,jafont_4,154,10,9,腐,0x8150
FC 9B,jafont_4,155,11,9,話,0x8a71
FC 9C,jafont_4,156,12,9,帰,0x5e30
FC 9D,jafont_4,157,13,9,永,0x6c38
FC 9E,jafont_4,158,14,9,救,0x6551
FC 9F,jafont_4,159,15,9,感,0x611f
FC A0,jafont_4,160,0,10,故,0x6545
FC A1,jafont_4,161,1,10,売,0x58f2
FC A2,jafont_4,162,2,10,浮,0x6d6e
FC A3,jafont_4,163,3,10,市,0x5e02
FC A4,jafont_4,164,4,10,加,0x52a0
FC A5,jafont_4,165,5,10,流,0x6d41
FC A6,jafont_4,166,6,10,約,0x7d04
FC A7,jafont_4,167,7,10,宇,0x5b87
FC A8,jafont_4,168,8,10,礼,0x793c
FC A9,jafont_4,169,9,10,束,0x675f
FC AA,jafont_4,170,10,10,母,0x6bcd
FC AB,jafont_4,171,11,10,男,0x7537
FC AC,jafont_4,172,12,10,年,0x5e74
FC AD,jafont_4,173,13,10,待,0x5f85
FC AE,jafont_4,174,14,10,宙,0x5b99
FC AF,jafont_4,175,15,10,立,0x7acb
FC B0,jafont_4,176,0,11,残,0x6b8b
FC B1,jafont_4,177,1,11,俺,0x4ffa
FC B2,jafont_4,178,2,11,少,0x5c11
FC B3,jafont_4,179,3,11,精,0x7cbe
FC B4,jafont_4,180,4,11,士,0x58eb
FC B5,jafont_4,181,5,11,私,0x79c1
FC B6,jafont_4,182,6,11,換,0x63db
FC B7,jafont_4,183,7,11,園,0x5712
FC B8,jafont_4,184,8,11,創,0x5275
FC B9,jafont_4,185,9,11,休,0x4f11
FC BA,jafont_4,186,10,11,戦,0x6226
FC BB,jafont_4,187,11,11,許,0x8a31
FC BC,jafont_4,188,12,11,郷,0x90f7
FC BD,jafont_4,189,13,11,助,0x52a9
FC BE,jafont_4,190,14,11,要,0x8981
FC BF,jafont_4,191,15,11,問,0x554f
FC C0,jafont_4,192,0,12,隙,0x9699
FC C1,jafont_4,193,1,12,旧,0x65e7
FC C2,jafont_4,194,2,12,固,0x56fa
FC C3,jafont_4,195,3,12,荒,0x8352
FC C4,jafont_4,196,4,12,稼,0x7a3c
FC C5,jafont_4,197,5,12,良,0x826f
FC C6,jafont_4,198,6,12,議,0x8b70
FC C7,jafont_4,199,7,12,導,0x5c0e
FC C8,jafont_4,200,8,12,夢,0x5922
FC C9,jafont_4,201,9,12,迫,0x8feb
FC CA,jafont_4,202,10,12,説,0x8aac
FC CB,jafont_4,203,11,12,声,0x58f0
FC CC,jafont_4,204,12,12,任,0x4efb
FC CD,jafont_4,205,13,12,柱,0x67f1
FC CE,jafont_4,206,14,12,満,0x6e80
FC CF,jafont_4,207,15,12,末,0x672b
FC D0,jafont_4,208,0,13,顔,0x9854
FC D1,jafont_4,209,1,13,旅,0x65c5
FC D2,jafont_4,210,2,13,,
FC D3,jafont_4,211,3,13,,
FC D4,jafont_4,212,4,13,,
FC D5,jafont_4,213,5,13,,
FC D6,jafont_4,214,6,13,,
FC D7,jafont_4,215,7,13,,
FC D8,jafont_4,216,8,13,,
FC D9,jafont_4,217,9,13,,
FC DA,jafont_4,218,10,13,,
FC DB,jafont_4,219,11,13,,
FC DC,jafont_4,220,12,13,,
FC DD,jafont_4,221,13,13,,
FC DE,jafont_4,222,14,13,,
FC DF,jafont_4,223,15,13,,
FC E0,jafont_4,224,0,14,a,0x61
FC E1,jafont_4,225,1,14,b,0x62
FC E2,jafont_4,226,2,14,c,0x63
FC E3,jafont_4,227,3,14,d,0x64
FC E4,jafont_4,228,4,14,e,0x65
FC E5,jafont_4,229,5,14,f,0x66
FC E6,jafont_4,230,6,14,g,0x67
FC E7,jafont_4,231,7,14,h,0x68
FC E8,jafont_4,232,8,14,i,0x69
FC E9,jafont_4,233,9,14,j,0x6a
FC EA,jafont_4,234,10,14,k,0x6b
FC EB,jafont_4,235,11,14,l,0x6c
FC EC,jafont_4,236,12,14,m,0x6d
FC ED,jafont_4,237,13,14,n,0x6e
FC EE,jafont_4,238,14,14,o,0x6f
FC EF,jafont_4,239,15,14,p,0x70
FC F0,jafont_4,240,0,15,q,0x71
FC F1,jafont_4,241,1,15,r,0x72
FC F2,jafont_4,242,2,15,s,0x73
FC F3,jafont_4,243,3,15,t,0x74
FC F4,jafont_4,244,4,15,u,0x75
FC F5,jafont_4,245,5,15,v,0x76
FC F6,jafont_4,246,6,15,w,0x77
FC F7,jafont_4,247,7,15,x,0x78
FC F8,jafont_4,248,8,15,y,0x79
FC F9,jafont_4,249,9,15,z,0x7a
FC FA,jafont_4,250,10,15,,
FC FB,jafont_4,251,11,15,,
FC FC,jafont_4,252,12,15,,
FC FD,jafont_4,253,13,15,,
FC FE,jafont_4,254,14,15,,
FC FF,jafont_4,255,15,15,,
FD 00,jafont_5,0,0,0,友,0x53cb
FD 01,jafont_5,1,1,0,伝,0x4f1d
FD 02,jafont_5,2,2,0,夜,0x591c
FD 03,jafont_5,3,3,0,探,0x63a2
FD 04,jafont_5,4,4,0,対,0x5bfe
FD 05,jafont_5,5,5,0,調,0x8abf
FD 06,jafont_5,6,6,0,民,0x6c11
FD 07,jafont_5,7,7,0,読,0x8aad
FD 08,jafont_5,8,8,0,占,0x5360
FD 09,jafont_5,9,9,0,頼,0x983c
FD 0A,jafont_5,10,10,0,若,0x82e5
FD 0B,jafont_5,11,11,0,学,0x5b66
FD 0C,jafont_5,12,12,0,識,0x8b58
FD 0D,jafont_5,13,13,0,業,0x696d
FD 0E,jafont_5,14,14,0,歳,0x6b73
FD 0F,jafont_5,15,15,0,争,0x4e89
FD 10,jafont_5,16,0,1,苦,0x82e6
FD 11,jafont_5,17,1,1,織,0x7e54
FD 12,jafont_5,18,2,1,因,0x56e0
FD 13,jafont_5,19,3,1,答,0x7b54
FD 14,jafont_5,20,4,1,準,0x6e96
FD 15,jafont_5,21,5,1,恐,0x6050
FD 16,jafont_5,22,6,1,認,0x8a8d
FD 17,jafont_5,23,7,1,客,0x5ba2
FD 18,jafont_5,24,8,1,務,0x52d9
FD 19,jafont_5,25,9,1,届,0x5c4a
FD 1A,jafont_5,26,10,1,他,0x4ed6
FD 1B,jafont_5,27,11,1,再,0x518d
FD 1C,jafont_5,28,12,1,幸,0x5e78
FD 1D,jafont_5,29,13,1,役,0x5f79
FD 1E,jafont_5,30,14,1,縮,0x7e2e
FD 1F,jafont_5,31,15,1,情,0x60c5
FD 20,jafont_5,32,0,2,豊,0x8c4a
FD 21,jafont_5,33,1,2,夫,0x592b
FD 22,jafont_5,34,2,2,近,0x8fd1
FD 23,jafont_5,35,3,2,宿,0x5bbf
FD 24,jafont_5,36,4,2,貢,0x8ca2
FD 25,jafont_5,37,5,2,建,0x5efa
FD 26,jafont_5,38,6,2,求,0x6c42
FD 27,jafont_5,39,7,2,迎,0x8fce
FD 28,jafont_5,40,8,2,賃,0x8cc3
FD 29,jafont_5,41,9,2,期,0x671f
FD 2A,jafont_5,42,10,2,工,0x5de5
FD 2B,jafont_5,43,11,2,算,0x7b97
FD 2C,jafont_5,44,12,2,混,0x6df7
FD 2D,jafont_5,45,13,2,難,0x96e3
FD 2E,jafont_5,46,14,2,保,0x4fdd
FD 2F,jafont_5,47,15,2,帯,0x5e2f
FD 30,jafont_5,48,0,3,届,0x5c4a
FD 31,jafont_5,49,1,3,疑,0x7591
FD 32,jafont_5,50,2,3,笑,0x7b11
FD 33,jafont_5,51,3,3,向,0x5411
FD 34,jafont_5,52,4,3,可,0x53ef
FD 35,jafont_5,53,5,3,遊,0x904a
FD 36,jafont_5,54,6,3,襲,0x8972
FD 37,jafont_5,55,7,3,申,0x7533
FD 38,jafont_5,56,8,3,次,0x6b21
FD 39,jafont_5,57,9,3,国,0x56fd
FD 3A,jafont_5,58,10,3,素,0x7d20
FD 3B,jafont_5,59,11,3,題,0x984c
FD 3C,jafont_5,60,12,3,普,0x666e
FD 3D,jafont_5,61,13,3,密,0x5bc6
FD 3E,jafont_5,62,14,3,室,0x5ba4
FD 3F,jafont_5,63,15,3,宣,0x5ba3
FD 40,jafont_5,64,0,4,泣,0x6ce3
FD 41,jafont_5,65,1,4,創,0x5275
FD 42,jafont_5,66,2,4,術,0x8853
FD 43,jafont_5,67,3,4,演,0x6f14
FD 44,jafont_5,68,4,4,輝,0x8f1d
FD 45,jafont_5,69,5,4,買,0x8cb7
FD 46,jafont_5,70,6,4,途,0x9014
FD 47,jafont_5,71,7,4,浴,0x6d74
FD 48,jafont_5,72,8,4,老,0x8001
FD 49,jafont_5,73,9,4,幼,0x5e7c
FD 4A,jafont_5,74,10,4,利,0x5229
FD 4B,jafont_5,75,11,4,門,0x9580
FD 4C,jafont_5,76,12,4,格,0x683c
FD 4D,jafont_5,77,13,4,原,0x539f
FD 4E,jafont_5,78,14,4,管,0x7ba1
FD 4F,jafont_5,79,15,4,牧,0x7267
FD 50,jafont_5,80,0,5,炭,0x70ad
FD 51,jafont_5,81,1,5,彼,0x5f7c
FD 52,jafont_5,82,2,5,房,0x623f
FD 53,jafont_5,83,3,5,篭,0x7bed
FD 54,jafont_5,84,4,5,禁,0x7981
FD 55,jafont_5,85,5,5,注,0x6ce8
FD 56,jafont_5,86,6,5,整,0x6574
FD 57,jafont_5,87,7,5,茶,0x8336
FD 58,jafont_5,88,8,5,語,0x8a9e
FD 59,jafont_5,89,9,5,証,0x8a3c
FD 5A,jafont_5,90,10,5,梁,0x6881
FD 5B,jafont_5,91,11,5,層,0x5c64
FD 5C,jafont_5,92,12,5,査,0x67fb
FD 5D,jafont_5,93,13,5,渡,0x6e21
FD 5E,jafont_5,94,14,5,号,0x53f7
FD 5F,jafont_5,95,15,5,科,0x79d1
FD 60,jafont_5,96,0,6,欲,0x6b32
FD 61,jafont_5,97,1,6,店,0x5e97
FD 62,jafont_5,98,2,6,括,0x62ec
FD 63,jafont_5,99,3,6,坑,0x5751
FD 64,jafont_5,100,4,6,酬,0x916c
FD 65,jafont_5,101,5,6,緊,0x7dca
FD 66,jafont_5,102,6,6,研,0x7814
FD 67,jafont_5,103,7,6,権,0x6a29
FD 68,jafont_5,104,8,6,書,0x66f8
FD 69,jafont_5,105,9,6,暇,0x6687
FD 6A,jafont_5,106,10,6,兄,0x5144
FD 6B,jafont_5,107,11,6,派,0x6d3e
FD 6C,jafont_5,108,12,6,造,0x9020
FD 6D,jafont_5,109,13,6,広,0x5e83
FD 6E,jafont_5,110,14,6,川,0x5ddd
FD 6F,jafont_5,111,15,6,賃,0x8cc3
FD 70,jafont_5,112,0,7,駅,0x99c5
FD 71,jafont_5,113,1,7,絡,0x7d61
FD 72,jafont_5,114,2,7,在,0x5728
FD 73,jafont_5,115,3,7,党,0x515a
FD 74,jafont_5,116,4,7,岸,0x5cb8
FD 75,jafont_5,117,5,7,服,0x670d
FD 76,jafont_5,118,6,7,捜,0x635c
FD 77,jafont_5,119,7,7,姉,0x59c9
FD 78,jafont_5,120,8,7,敷,0x6577
FD 79,jafont_5,121,9,7,胸,0x80f8
FD 7A,jafont_5,122,10,7,刑,0x5211
FD 7B,jafont_5,123,11,7,谷,0x8c37
FD 7C,jafont_5,124,12,7,痛,0x75db
FD 7D,jafont_5,125,13,7,岩,0x5ca9
FD 7E,jafont_5,126,14,7,至,0x81f3
FD 7F,jafont_5,127,15,7,勢,0x52e2
FD 80,jafont_5,128,0,8,畑,0x7551
FD 81,jafont_5,129,1,8,姿,0x59ff
FD 82,jafont_5,130,2,8,統,0x7d71
FD 83,jafont_5,131,3,8,略,0x7565
FD 84,jafont_5,132,4,8,抹,0x62b9
FD 85,jafont_5,133,5,8,展,0x5c55
FD 86,jafont_5,134,6,8,示,0x793a
FD 87,jafont_5,135,7,8,修,0x4fee
FD 88,jafont_5,136,8,8,酸,0x9178
FD 89,jafont_5,137,9,8,製,0x88fd
FD 8A,jafont_5,138,10,8,歓,0x6b53
FD 8B,jafont_5,139,11,8,援,0x63f4
FD 8C,jafont_5,140,12,8,障,0x969c
FD 8D,jafont_5,141,13,8,炎,0x708e
FD 8E,jafont_5,142,14,8,室,0x5ba4
FD 8F,jafont_5,143,15,8,窓,0x7a93
FD 90,jafont_5,144,0,9,届,0x5c4a
FD 91,jafont_5,145,1,9,場,0x5834
FD 92,jafont_5,146,2,9,録,0x9332
FD 93,jafont_5,147,3,9,慢,0x6162
FD 94,jafont_5,148,4,9,基,0x57fa
FD 95,jafont_5,149,5,9,誉,0x8a89
FD 96,jafont_5,150,6,9,勇,0x52c7
FD 97,jafont_5,151,7,9,司,0x53f8
FD 98,jafont_5,152,8,9,境,0x5883
FD 99,jafont_5,153,9,9,墜,0x589c
FD 9A,jafont_5,154,10,9,医,0x533b
FD 9B,jafont_5,155,11,9,怖,0x6016
FD 9C,jafont_5,156,12,9,狙,0x72d9
FD 9D,jafont_5,157,13,9,協,0x5354
FD 9E,jafont_5,158,14,9,犯,0x72af
FD 9F,jafont_5,159,15,9,資,0x8cc7
FD A0,jafont_5,160,0,10,設,0x8a2d
FD A1,jafont_5,161,1,10,届,0x5c4a
FD A2,jafont_5,162,2,10,根,0x6839
FD A3,jafont_5,163,3,10,憶,0x61b6
FD A4,jafont_5,164,4,10,脱,0x8131
FD A5,jafont_5,165,5,10,富,0x5bcc
FD A6,jafont_5,166,6,10,躍,0x8e8d
FD A7,jafont_5,167,7,10,純,0x7d14
FD A8,jafont_5,168,8,10,宇,0x5b87
FD A9,jafont_5,169,9,10,病,0x75c5
FD AA,jafont_5,170,10,10,依,0x4f9d
FD AB,jafont_5,171,11,10,到,0x5230
FD AC,jafont_5,172,12,10,練,0x7df4
FD AD,jafont_5,173,13,10,順,0x9806
FD AE,jafont_5,174,14,10,園,0x5712
FD AF,jafont_5,175,15,10,総,0x7dcf
FD B0,jafont_5,176,0,11,念,0x5ff5
FD B1,jafont_5,177,1,11,維,0x7dad
FD B2,jafont_5,178,2,11,検,0x691c
FD B3,jafont_5,179,3,11,杯,0x676f
FD B4,jafont_5,180,4,11,圧,0x5727
FD B5,jafont_5,181,5,11,補,0x88dc
FD B6,jafont_5,182,6,11,公,0x516c
FD B7,jafont_5,183,7,11,働,0x50cd
FD B8,jafont_5,184,8,11,因,0x56e0
FD B9,jafont_5,185,9,11,朝,0x671d
FD BA,jafont_5,186,10,11,浪,0x6d6a
FD BB,jafont_5,187,11,11,祝,0x795d
FD BC,jafont_5,188,12,11,恋,0x604b
FD BD,jafont_5,189,13,11,郎,0x90ce
FD BE,jafont_5,190,14,11,勉,0x52c9
FD BF,jafont_5,191,15,11,春,0x6625
FD C0,jafont_5,192,0,12,功,0x529f
FD C1,jafont_5,193,1,12,耳,0x8033
FD C2,jafont_5,194,2,12,恵,0x6075
FD C3,jafont_5,195,3,12,緑,0x7dd1
FD C4,jafont_5,196,4,12,美,0x7f8e
FD C5,jafont_5,197,5,12,辺,0x8fba
FD C6,jafont_5,198,6,12,昇,0x6607
FD C7,jafont_5,199,7,12,悩,0x60a9
FD C8,jafont_5,200,8,12,泊,0x6cca
FD C9,jafont_5,201,9,12,低,0x4f4e
FD CA,jafont_5,202,10,12,酒,0x9152
FD CB,jafont_5,203,11,12,影,0x5f71
FD CC,jafont_5,204,12,12,競,0x7af6
FD CD,jafont_5,205,13,12,二,0x4e8c
FD CE,jafont_5,206,14,12,矢,0x77e2
FD CF,jafont_5,207,15,12,瞬,0x77ac
FD D0,jafont_5,208,0,13,希,0x5e0c
FD D1,jafont_5,209,1,13,志,0x5fd7
FD D2,jafont_5,210,2,13,,
FD D3,jafont_5,211,3,13,,
FD D4,jafont_5,212,4,13,,
FD D5,jafont_5,213,5,13,,
FD D6,jafont_5,214,6,13,,
FD D7,jafont_5,215,7,13,,
FD D8,jafont_5,216,8,13,,
FD D9,jafont_5,217,9,13,,
FD DA,jafont_5,218,10,13,,
FD DB,jafont_5,219,11,13,,
FD DC,jafont_5,220,12,13,,
FD DD,jafont_5,221,13,13,,
FD DE,jafont_5,222,14,13,,
FD DF,jafont_5,223,15,13,,
FD E0,jafont_5,224,0,14,,
FD E1,jafont_5,225,1,14,,
FD E2,jafont_5,226,2,14,,
FD E3,jafont_5,227,3,14,,
FD E4,jafont_5,228,4,14,,
FD E5,jafont_5,229,5,14,,
FD E6,jafont_5,230,6,14,,
FD E7,jafont_5,231,7,14,,
FD E8,jafont_5,232,8,14,,
FD E9,jafont_5,233,9,14,,
FD EA,jafont_5,234,10,14,,
FD EB,jafont_5,235,11,14,,
FD EC,jafont_5,236,12,14,,
FD ED,jafont_5,237,13,14,,
FD EE,jafont_5,238,14,14,,
FD EF,jafont_5,239,15,14,,
FD F0,jafont_5,240,0,15,,
FD F1,jafont_5,241,1,15,,
FD F2,jafont_5,242,2,15,,
FD F3,jafont_5,243,3,15,,
FD F4,jafont_5,244,4,15,,
FD F5,jafont_5,245,5,15,,
FD F6,jafont_5,246,6,15,,
FD F7,jafont_5,247,7,15,,
FD F8,jafont_5,248,8,15,,
FD F9,jafont_5,249,9,15,,
FD FA,jafont_5,250,10,15,,
FD FB,jafont_5,251,11,15,,
FD FC,jafont_5,252,12,15,,
FD FD,jafont_5,253,13,15,,
FD FE,jafont_5,254,14,15,,
FD FF,jafont_5,255,15,15,,
FE 00,jafont_6,0,0,0,孫,0x5b6b
FE 01,jafont_6,1,1,0,継,0x7d99
FE 02,jafont_6,2,2,0,団,0x56e3
FE 03,jafont_6,3,3,0,給,0x7d66
FE 04,jafont_6,4,4,0,抗,0x6297
FE 05,jafont_6,5,5,0,逮,0x902e
FE 06,jafont_6,6,6,0,捕,0x6355
FE 07,jafont_6,7,7,0,断,0x65ad
FE 08,jafont_6,8,8,0,島,0x5cf6
FE 09,jafont_6,9,9,0,栄,0x6804
FE 0A,jafont_6,10,10,0,油,0x6cb9
FE 0B,jafont_6,11,11,0,就,0x5c31
FE 0C,jafont_6,12,12,0,僕,0x50d5
FE 0D,jafont_6,13,13,0,存,0x5b58
FE 0E,jafont_6,14,14,0,企,0x4f01
FE 0F,jafont_6,15,15,0,比,0x6bd4
FE 10,jafont_6,16,0,1,浸,0x6d78
FE 11,jafont_6,17,1,1,非,0x975e
FE 12,jafont_6,18,2,1,応,0x5fdc
FE 13,jafont_6,19,3,1,細,0x7d30
FE 14,jafont_6,20,4,1,承,0x627f
FE 15,jafont_6,21,5,1,編,0x7de8
FE 16,jafont_6,22,6,1,排,0x6392
FE 17,jafont_6,23,7,1,努,0x52aa
FE 18,jafont_6,24,8,1,締,0x7de0
FE 19,jafont_6,25,9,1,談,0x8ac7
FE 1A,jafont_6,26,10,1,趣,0x8da3
FE 1B,jafont_6,27,11,1,埋,0x57cb
FE 1C,jafont_6,28,12,1,営,0x55b6
FE 1D,jafont_6,29,13,1,文,0x6587
FE 1E,jafont_6,30,14,1,夏,0x590f
FE 1F,jafont_6,31,15,1,個,0x500b
FE 20,jafont_6,32,0,2,益,0x76ca
FE 21,jafont_6,33,1,2,損,0x640d
FE 22,jafont_6,34,2,2,領,0x9818
FE 23,jafont_6,35,3,2,区,0x533a
FE 24,jafont_6,36,4,2,寒,0x5bd2
FE 25,jafont_6,37,5,2,簡,0x7c21
FE 26,jafont_6,38,6,2,違,0x9055
FE 27,jafont_6,39,7,2,例,0x4f8b
FE 28,jafont_6,40,8,2,肉,0x8089
FE 29,jafont_6,41,9,2,博,0x535a
FE 2A,jafont_6,42,10,2,幻,0x5e7b
FE 2B,jafont_6,43,11,2,量,0x91cf
FE 2C,jafont_6,44,12,2,昔,0x6614
FE 2D,jafont_6,45,13,2,蔵,0x8535
FE 2E,jafont_6,46,14,2,負,0x8ca0
FE 2F,jafont_6,47,15,2,討,0x8a0e
FE 30,jafont_6,48,0,3,悔,0x6094
FE 31,jafont_6,49,1,3,膨,0x81a8
FE 32,jafont_6,50,2,3,飲,0x98f2
FE 33,jafont_6,51,3,3,妥,0x59a5
FE 34,jafont_6,52,4,3,越,0x8d8a
FE 35,jafont_6,53,5,3,憎,0x618e
FE 36,jafont_6,54,6,3,増,0x5897
FE 37,jafont_6,55,7,3,校,0x6821
FE 38,jafont_6,56,8,3,皆,0x7686
FE 39,jafont_6,57,9,3,患,0x60a3
FE 3A,jafont_6,58,10,3,療,0x7642
FE 3B,jafont_6,59,11,3,庫,0x5eab
FE 3C,jafont_6,60,12,3,涙,0x6d99
FE 3D,jafont_6,61,13,3,照,0x7167
FE 3E,jafont_6,62,14,3,兄,0x5144
FE 3F,jafont_6,63,15,3,壇,0x58c7
FE 40,jafont_6,64,0,4,坂,0x5742
FE 41,jafont_6,65,1,4,訳,0x8a33
FE 42,jafont_6,66,2,4,抱,0x62b1
FE 43,jafont_6,67,3,4,薄,0x8584
FE 44,jafont_6,68,4,4,義,0x7fa9
FE 45,jafont_6,69,5,4,騒,0x9a12
FE 46,jafont_6,70,6,4,奴,0x5974
FE 47,jafont_6,71,7,4,丈,0x4e08
FE 48,jafont_6,72,8,4,捕,0x6355
FE 49,jafont_6,73,9,4,被,0x88ab
FE 4A,jafont_6,74,10,4,概,0x6982
FE 4B,jafont_6,75,11,4,招,0x62db
FE 4C,jafont_6,76,12,4,労,0x52b4
FE 4D,jafont_6,77,13,4,較,0x8f03
FE 4E,jafont_6,78,14,4,析,0x6790
FE 4F,jafont_6,79,15,4,繁,0x7e41
FE 50,jafont_6,80,0,5,殖,0x6b96
FE 51,jafont_6,81,1,5,耐,0x8010
FE 52,jafont_6,82,2,5,論,0x8ad6
FE 53,jafont_6,83,3,5,責,0x8cac
FE 54,jafont_6,84,4,5,祈,0x7948
FE 55,jafont_6,85,5,5,千,0x5343
FE 56,jafont_6,86,6,5,歴,0x6b74
FE 57,jafont_6,87,7,5,史,0x53f2
FE 58,jafont_6,88,8,5,募,0x52df
FE 59,jafont_6,89,9,5,容,0x5bb9
FE 5A,jafont_6,90,10,5,噂,0x5642
FE 5B,jafont_6,91,11,5,寄,0x5bc4
FE 5C,jafont_6,92,12,5,抱,0x62b1
FE 5D,jafont_6,93,13,5,馬,0x99ac
FE 5E,jafont_6,94,14,5,裏,0x88cf
FE 5F,jafont_6,95,15,5,雑,0x96d1
FE 60,jafont_6,96,0,6,職,0x8077
FE 61,jafont_6,97,1,6,妹,0x59b9
FE 62,jafont_6,98,2,6,氏,0x6c0f
FE 63,jafont_6,99,3,6,踊,0x8e0a
FE 64,jafont_6,100,4,6,厚,0x539a
FE 65,jafont_6,101,5,6,罪,0x7f6a
FE 66,jafont_6,102,6,6,甘,0x7518
FE 67,jafont_6,103,7,6,健,0x5065
FE 68,jafont_6,104,8,6,焼,0x713c
FE 69,jafont_6,105,9,6,払,0x6255
FE 6A,jafont_6,106,10,6,侵,0x4fb5
FE 6B,jafont_6,107,11,6,須,0x9808
FE 6C,jafont_6,108,12,6,愛,0x611b
FE 6D,jafont_6,109,13,6,便,0x4fbf
FE 6E,jafont_6,110,14,6,田,0x7530
FE 6F,jafont_6,111,15,6,舎,0x820e
FE 70,jafont_6,112,0,7,孤,0x5b64
FE 71,jafont_6,113,1,7,晩,0x6669
FE 72,jafont_6,114,2,7,清,0x6e05
FE 73,jafont_6,115,3,7,際,0x969b
FE 74,jafont_6,116,4,7,領,0x9818
FE 75,jafont_6,117,5,7,評,0x8a55
FE 76,jafont_6,118,6,7,課,0x8ab2
FE 77,jafont_6,119,7,7,勤,0x52e4
FE 78,jafont_6,120,8,7,謝,0x8b1d
FE 79,jafont_6,121,9,7,才,0x624d
FE 7A,jafont_6,122,10,7,偉,0x5049
FE 7B,jafont_6,123,11,7,誤,0x8aa4
FE 7C,jafont_6,124,12,7,価,0x4fa1
FE 7D,jafont_6,125,13,7,欠,0x6b20
FE 7E,jafont_6,126,14,7,寄,0x5bc4
FE 7F,jafont_6,127,15,7,忙,0x5fd9
FE 80,jafont_6,128,0,8,従,0x5f93
FE 81,jafont_6,129,1,8,五,0x4e94
FE 82,jafont_6,130,2,8,送,0x9001
FE 83,jafont_6,131,3,8,周,0x5468
FE 84,jafont_6,132,4,8,項,0x9805
FE 85,jafont_6,133,5,8,労,0x52b4
FE 86,jafont_6,134,6,8,植,0x690d
FE 87,jafont_6,135,7,8,施,0x65bd
FE 88,jafont_6,136,8,8,販,0x8ca9
FE 89,jafont_6,137,9,8,台,0x53f0
FE 8A,jafont_6,138,10,8,度,0x5ea6
FE 8B,jafont_6,139,11,8,嫌,0x5acc
FE 8C,jafont_6,140,12,8,諸,0x8af8
FE 8D,jafont_6,141,13,8,習,0x7fd2
FE 8E,jafont_6,142,14,8,紹,0x7d39
FE 8F,jafont_6,143,15,8,誘,0x8a98
FE 90,jafont_6,144,0,9,仮,0x4eee
FE 91,jafont_6,145,1,9,借,0x501f
FE 92,jafont_6,146,2,9,筆,0x7b46
FE 93,jafont_6,147,3,9,席,0x5e2d
FE 94,jafont_6,148,4,9,戒,0x6212
FE 95,jafont_6,149,5,9,弟,0x5f1f
FE 96,jafont_6,150,6,9,珍,0x73cd
FE 97,jafont_6,151,7,9,酔,0x9154
FE 98,jafont_6,152,8,9,試,0x8a66
FE 99,jafont_6,153,9,9,騎,0x9a0e
FE 9A,jafont_6,154,10,9,霜,0x971c
FE 9B,jafont_6,155,11,9,鉱,0x9271
FE 9C,jafont_6,156,12,9,裕,0x88d5
FE 9D,jafont_6,157,13,9,票,0x7968
FE 9E,jafont_6,158,14,9,券,0x5238
FE 9F,jafont_6,159,15,9,専,0x5c02
FE A0,jafont_6,160,0,10,担,0x62c5
FE A1,jafont_6,161,1,10,惜,0x60dc
FE A2,jafont_6,162,2,10,偶,0x5076
FE A3,jafont_6,163,3,10,怒,0x6012
FE A4,jafont_6,164,4,10,罰,0x7f70
FE A5,jafont_6,165,5,10,熟,0x719f
FE A6,jafont_6,166,6,10,性,0x6027
FE A7,jafont_6,167,7,10,燃,0x71c3
FE A8,jafont_6,168,8,10,懺,0x61fa
FE A9,jafont_6,169,9,10,快,0x5feb
FE AA,jafont_6,170,10,10,劇,0x5287
FE AB,jafont_6,171,11,10,拠,0x62e0
FE AC,jafont_6,172,12,10,尼,0x5c3c
FE AD,jafont_6,173,13,10,抵,0x62b5
FE AE,jafont_6,174,14,10,適,0x9069
FE AF,jafont_6,175,15,10,程,0x7a0b
FE B0,jafont_6,176,0,11,練,0x7df4
FE B1,jafont_6,177,1,11,痩,0x75e9
FE B2,jafont_6,178,2,11,稿,0x7a3f
FE B3,jafont_6,179,3,11,白,0x767d
FE B4,jafont_6,180,4,11,処,0x51e6
FE B5,jafont_6,181,5,11,杯,0x676f
FE B6,jafont_6,182,6,11,暑,0x6691
FE B7,jafont_6,183,7,11,坊,0x574a
FE B8,jafont_6,184,8,11,週,0x9031
FE B9,jafont_6,185,9,11,秀,0x79c0
FE BA,jafont_6,186,10,11,看,0x770b
FE BB,jafont_6,187,11,11,軽,0x8efd
FE BC,jafont_6,188,12,11,幕,0x5e55
FE BD,jafont_6,189,13,11,和,0x548c
FE BE,jafont_6,190,14,11,平,0x5e73
FE BF,jafont_6,191,15,11,,
FE C0,jafont_6,192,0,12,王,0x738b
FE C1,jafont_6,193,1,12,姫,0x59eb
FE C2,jafont_6,194,2,12,庭,0x5ead
FE C3,jafont_6,195,3,12,観,0x89b3
FE C4,jafont_6,196,4,12,航,0x822a
FE C5,jafont_6,197,5,12,演,0x6f14
FE C6,jafont_6,198,6,12,帳,0x5e33
FE C7,jafont_6,199,7,12,丘,0x4e18
FE C8,jafont_6,200,8,12,亭,0x4ead
FE C9,jafont_6,201,9,12,財,0x8ca1
FE CA,jafont_6,202,10,12,律,0x5f8b
FE CB,jafont_6,203,11,12,布,0x5e03
FE CC,jafont_6,204,12,12,規,0x898f
FE CD,jafont_6,205,13,12,謀,0x8b00
FE CE,jafont_6,206,14,12,績,0x7e3e
FE CF,jafont_6,207,15,12,刻,0x523b
FE D0,jafont_6,208,0,13,陥,0x9665
FE D1,jafont_6,209,1,13,類,0x985e
FE D2,jafont_6,210,2,13,,
FE D3,jafont_6,211,3,13,,
FE D4,jafont_6,212,4,13,,
FE D5,jafont_6,213,5,13,,
FE D6,jafont_6,214,6,13,,
FE D7,jafont_6,215,7,13,,
FE D8,jafont_6,216,8,13,,
FE D9,jafont_6,217,9,13,,
FE DA,jafont_6,218,10,13,,
FE DB,jafont_6,219,11,13,,
FE DC,jafont_6,220,12,13,,
FE DD,jafont_6,221,13,13,,
FE DE,jafont_6,222,14,13,,
FE DF,jafont_6,223,15,13,,
FE E0,jafont_6,224,0,14,,
FE E1,jafont_6,225,1,14,,
FE E2,jafont_6,226,2,14,,
FE E3,jafont_6,227,3,14,,
FE E4,jafont_6,228,4,14,,
FE E5,jafont_6,229,5,14,,
FE E6,jafont_6,230,6,14,,
FE E7,jafont_6,231,7,14,,
FE E8,jafont_6,232,8,14,,
FE E9,jafont_6,233,9,14,,
FE EA,jafont_6,234,10,14,,
FE EB,jafont_6,235,11,14,,
FE EC,jafont_6,236,12,14,,
FE ED,jafont_6,237,13,14,,
FE EE,jafont_6,238,14,14,,
FE EF,jafont_6,239,15,14,,
FE F0,jafont_6,240,0,15,,
FE F1,jafont_6,241,1,15,,
FE F2,jafont_6,242,2,15,,
FE F3,jafont_6,243,3,15,,
FE F4,jafont_6,244,4,15,,
FE F5,jafont_6,245,5,15,,
FE F6,jafont_6,246,6,15,,
FE F7,jafont_6,247,7,15,,
FE F8,jafont_6,248,8,15,,
FE F9,jafont_6,249,9,15,,
FE FA,jafont_6,250,10,15,,
FE FB,jafont_6,251,11,15,,
FE FC,jafont_6,252,12,15,,
FE FD,jafont_6,253,13,15,,
FE FE,jafont_6,254,14,15,,
FE FF,jafont_6,255,15,15,,
