FF7_Encoding,Texture,Index,Grid_X,Grid_Y,Character,Unicode,Confidence,Needs_Review
00,jafont_1,0,0,0,バ,0x30d0,86.0,No
01,jafont_1,1,1,0,ば,0x3070,94.0,No
02,jafont_1,2,2,0,ビ,0x30d3,92.0,No
03,jafont_1,3,3,0,び,0x3073,85.0,No
04,jafont_1,4,4,0,ブ,0x30d6,92.0,No
05,jafont_1,5,5,0,A,0x41,78.0,No
06,jafont_1,6,6,0,バ,0x30d0,71.0,No
07,jafont_1,7,7,0,だ,0x3060,74.0,No
08,jafont_1,8,8,0,ボ,0x30dc,36.0,Yes
09,jafont_1,9,9,0,ぼ,0x307c,84.0,No
0A,jafont_1,10,10,0,ガ,0x30ac,71.0,No
0B,jafont_1,11,11,0,が,0x304c,95.0,No
0C,jafont_1,12,12,0,ギ,0x30ae,93.0,No
0D,jafont_1,13,13,0,さ,0x3055,81.0,No
0E,jafont_1,14,14,0,グ,0x30b0,93.0,No
0F,jafont_1,15,15,0,で,0x3067,80.0,No
10,jafont_1,16,0,1,ゲ,0x30b2,92.0,No
11,jafont_1,17,1,1,げ,0x3052,93.0,No
12,jafont_1,18,2,1,ゴ,0x30b4,92.0,No
13,jafont_1,19,3,1,ご,0x3054,92.0,No
14,jafont_1,20,4,1,ザ,0x30b6,92.0,No
15,jafont_1,21,5,1,ざ,0x3056,85.0,No
16,jafont_1,22,6,1,ジ,0x30b8,87.0,No
17,jafont_1,23,7,1,じ,0x3058,90.0,No
18,jafont_1,24,8,1,ズ,0x30ba,93.0,No
19,jafont_1,25,9,1,ず,0x305a,93.0,No
1A,jafont_1,26,10,1,ゼ,0x30bc,92.0,No
1B,jafont_1,27,11,1,ぜ,0x305c,91.0,No
1C,jafont_1,28,12,1,ゾ,0x30be,56.0,Yes
1D,jafont_1,29,13,1,ぞ,0x305e,93.0,No
1E,jafont_1,30,14,1,ダ,0x30c0,92.0,No
1F,jafont_1,31,15,1,だ,0x3060,93.0,No
20,jafont_1,32,0,2,ヂ,0x30c2,75.0,No
21,jafont_1,33,1,2,ぢ,0x3062,77.0,No
22,jafont_1,34,2,2,ツ,0x30c4,87.0,No
23,jafont_1,35,3,2,づ,0x3065,91.0,No
24,jafont_1,36,4,2,デ,0x30c7,76.0,No
25,jafont_1,37,5,2,で,0x3067,84.0,No
26,jafont_1,38,6,2,ド,0x30c9,93.0,No
27,jafont_1,39,7,2,ど,0x3069,90.0,No
28,jafont_1,40,8,2,ヴ,0x30f4,90.0,No
29,jafont_1,41,9,2,バ,0x30d0,89.0,No
2A,jafont_1,42,10,2,ば,0x3070,89.0,No
2B,jafont_1,43,11,2,ビ,0x30d3,85.0,No
2C,jafont_1,44,12,2,び,0x3073,82.0,No
2D,jafont_1,45,13,2,プ,0x30d7,88.0,No
2E,jafont_1,46,14,2,A,0x41,83.0,No
2F,jafont_1,47,15,2,N,0x4e,78.0,No
30,jafont_1,48,0,3,X,0x58,74.0,No
31,jafont_1,49,1,3,ポ,0x30dd,54.0,Yes
32,jafont_1,50,2,3,ぼ,0x307c,70.0,No
33,jafont_1,51,3,3,%,0x25,64.0,Yes
34,jafont_1,52,4,3,1,0x31,66.0,Yes
35,jafont_1,53,5,3,の,0x306e,71.0,No
36,jafont_1,54,6,3,3,0x33,96.0,No
37,jafont_1,55,7,3,4,0x34,96.0,No
38,jafont_1,56,8,3,つ,0x3064,81.0,No
39,jafont_1,57,9,3,6,0x36,85.0,No
3A,jafont_1,58,10,3,7,0x37,79.0,No
3B,jafont_1,59,11,3,<,0x3c,91.0,No
3C,jafont_1,60,12,3,9,0x39,63.0,Yes
3D,jafont_1,61,13,3,\,0x5c,90.0,No
3E,jafont_1,62,14,3,O,0x4f,81.0,No
3F,jafont_1,63,15,3,,,0.0,No
40,jafont_1,64,0,4,人,0x4eba,84.0,No
41,jafont_1,65,1,4,は,0x306f,96.0,No
42,jafont_1,66,2,4,ヒ,0x30d2,89.0,No
43,jafont_1,67,3,4,ひ,0x3072,93.0,No
44,jafont_1,68,4,4,フ,0x30d5,91.0,No
45,jafont_1,69,5,4,/,0x2f,86.0,No
46,jafont_1,70,6,4,N,0x4e,84.0,No
47,jafont_1,71,7,4,N,0x4e,83.0,No
48,jafont_1,72,8,4,小,0x5c0f,68.0,Yes
49,jafont_1,73,9,4,は,0x306f,80.0,No
4A,jafont_1,74,10,4,カ,0x30ab,41.0,Yes
4B,jafont_1,75,11,4,か,0x304b,90.0,No
4C,jafont_1,76,12,4,キ,0x30ad,87.0,No
4D,jafont_1,77,13,4,さ,0x3055,91.0,No
4E,jafont_1,78,14,4,ク,0x30af,83.0,No
4F,jafont_1,79,15,4,く,0x304f,89.0,No
50,jafont_1,80,0,5,ケ,0x30b1,71.0,No
51,jafont_1,81,1,5,け,0x3051,93.0,No
52,jafont_1,82,2,5,=,0x3d,36.0,Yes
53,jafont_1,83,3,5,ー,0x30fc,26.0,Yes
54,jafont_1,84,4,5,サ,0x30b5,92.0,No
55,jafont_1,85,5,5,さ,0x3055,82.0,No
56,jafont_1,86,6,5,ン,0x30f3,93.0,No
57,jafont_1,87,7,5,し,0x3057,96.0,No
58,jafont_1,88,8,5,4,0x34,61.0,Yes
59,jafont_1,89,9,5,¢,0xa2,22.0,Yes
5A,jafont_1,90,10,5,セ,0x30bb,92.0,No
5B,jafont_1,91,11,5,せ,0x305b,92.0,No
5C,jafont_1,92,12,5,J,0x4a,65.0,Yes
5D,jafont_1,93,13,5,で,0x3067,65.0,Yes
5E,jafont_1,94,14,5,4,0x34,90.0,No
5F,jafont_1,95,15,5,た,0x305f,96.0,No
60,jafont_1,96,0,6,ナ,0x30ca,71.0,No
61,jafont_1,97,1,6,ち,0x3061,92.0,No
62,jafont_1,98,2,6,ツ,0x30c4,90.0,No
63,jafont_1,99,3,6,つ,0x3064,70.0,No
64,jafont_1,100,4,6,テ,0x30c6,49.0,Yes
65,jafont_1,101,5,6,て,0x3066,96.0,No
66,jafont_1,102,6,6,ト,0x30c8,90.0,No
67,jafont_1,103,7,6,と,0x3068,96.0,No
68,jafont_1,104,8,6,「,0x300c,79.0,No
69,jafont_1,105,9,6,つ,0x3064,33.0,Yes
6A,jafont_1,106,10,6,ア,0x30a2,52.0,Yes
6B,jafont_1,107,11,6,あ,0x3042,93.0,No
6C,jafont_1,108,12,6,イ,0x30a4,93.0,No
6D,jafont_1,109,13,6,い,0x3044,92.0,No
6E,jafont_1,110,14,6,+,0x2b,48.0,Yes
6F,jafont_1,111,15,6,え,0x3048,92.0,No
70,jafont_1,112,0,7,オ,0x30aa,92.0,No
71,jafont_1,113,1,7,お,0x304a,96.0,No
72,jafont_1,114,2,7,ナ,0x30ca,87.0,No
73,jafont_1,115,3,7,な,0x306a,91.0,No
74,jafont_1,116,4,7,し,0x3057,75.0,No
75,jafont_1,117,5,7,に,0x306b,96.0,No
76,jafont_1,118,6,7,メ,0x30e1,91.0,No
77,jafont_1,119,7,7,ぬ,0x306c,89.0,No
78,jafont_1,120,8,7,ネ,0x30cd,92.0,No
79,jafont_1,121,9,7,ね,0x306d,96.0,No
7A,jafont_1,122,10,7,ノ,0x30ce,93.0,No
7B,jafont_1,123,11,7,の,0x306e,96.0,No
7C,jafont_1,124,12,7,マ,0x30de,91.0,No
7D,jafont_1,125,13,7,ま,0x307e,93.0,No
7E,jafont_1,126,14,7,に,0x306b,67.0,Yes
7F,jafont_1,127,15,7,の,0x306e,78.0,No
80,jafont_1,128,0,8,ム,0x30e0,93.0,No
81,jafont_1,129,1,8,む,0x3080,83.0,No
82,jafont_1,130,2,8,メ,0x30e1,89.0,No
83,jafont_1,131,3,8,め,0x3081,82.0,No
84,jafont_1,132,4,8,E,0x45,88.0,No
85,jafont_1,133,5,8,も,0x3082,96.0,No
86,jafont_1,134,6,8,フ,0x30d5,88.0,No
87,jafont_1,135,7,8,ら,0x3089,88.0,No
88,jafont_1,136,8,8,リ,0x30ea,92.0,No
89,jafont_1,137,9,8,ワ,0x30ef,51.0,Yes
8A,jafont_1,138,10,8,ル,0x30eb,93.0,No
8B,jafont_1,139,11,8,,,0.0,No
8C,jafont_1,140,12,8,レ,0x30ec,92.0,No
8D,jafont_1,141,13,8,れ,0x308c,93.0,No
8E,jafont_1,142,14,8,C,0x43,42.0,Yes
8F,jafont_1,143,15,8,ろ,0x308d,82.0,No
90,jafont_1,144,0,9,ヤ,0x30e4,86.0,No
91,jafont_1,145,1,9,や,0x3084,96.0,No
92,jafont_1,146,2,9,上,0x4e0a,44.0,Yes
93,jafont_1,147,3,9,ゆ,0x3086,90.0,No
94,jafont_1,148,4,9,ゴ,0x30b4,90.0,No
95,jafont_1,149,5,9,よ,0x3088,93.0,No
96,jafont_1,150,6,9,y,0x79,23.0,Yes
97,jafont_1,151,7,9,わ,0x308f,91.0,No
98,jafont_1,152,8,9,ン,0x30f3,89.0,No
99,jafont_1,153,9,9,ん,0x3093,96.0,No
9A,jafont_1,154,10,9,J,0x4a,58.0,Yes
9B,jafont_1,155,11,9,を,0x3092,96.0,No
9C,jafont_1,156,12,9,ツ,0x30c4,89.0,No
9D,jafont_1,157,13,9,つ,0x3064,61.0,Yes
9E,jafont_1,158,14,9,ヤ,0x30e4,87.0,No
9F,jafont_1,159,15,9,や,0x3084,96.0,No
A0,jafont_1,160,0,10,ユ,0x30e6,59.0,Yes
A1,jafont_1,161,1,10,ゆ,0x3086,88.0,No
A2,jafont_1,162,2,10,ゴ,0x30b4,78.0,No
A3,jafont_1,163,3,10,よ,0x3088,92.0,No
A4,jafont_1,164,4,10,ア,0x30a2,81.0,No
A5,jafont_1,165,5,10,D,0x44,90.0,No
A6,jafont_1,166,6,10,イ,0x30a4,93.0,No
A7,jafont_1,167,7,10,い,0x3044,92.0,No
A8,jafont_1,168,8,10,ワ,0x30ef,91.0,No
A9,jafont_1,169,9,10,う,0x3046,81.0,No
AA,jafont_1,170,10,10,+,0x2b,17.0,Yes
AB,jafont_1,171,11,10,え,0x3048,92.0,No
AC,jafont_1,172,12,10,オ,0x30aa,91.0,No
AD,jafont_1,173,13,10,お,0x304a,96.0,No
AE,jafont_1,174,14,10,,,0.0,No
AF,jafont_1,175,15,10,?,0x3f,58.0,Yes
B0,jafont_1,176,0,11,『,0x300e,70.0,No
B1,jafont_1,177,1,11,』,0x300f,73.0,No
B2,jafont_1,178,2,11,,,0.0,No
B3,jafont_1,179,3,11,十,0x5341,69.0,Yes
B4,jafont_1,180,4,11,A,0x41,91.0,No
B5,jafont_1,181,5,11,S,0x53,20.0,Yes
B6,jafont_1,182,6,11,C,0x43,71.0,No
B7,jafont_1,183,7,11,D,0x44,92.0,No
B8,jafont_1,184,8,11,E,0x45,83.0,No
B9,jafont_1,185,9,11,F,0x46,88.0,No
BA,jafont_1,186,10,11,G,0x47,73.0,No
BB,jafont_1,187,11,11,H,0x48,92.0,No
BC,jafont_1,188,12,11,1,0x31,87.0,No
BD,jafont_1,189,13,11,J,0x4a,92.0,No
BE,jafont_1,190,14,11,K,0x4b,89.0,No
BF,jafont_1,191,15,11,L,0x4c,92.0,No
C0,jafont_1,192,0,12,M,0x4d,92.0,No
C1,jafont_1,193,1,12,N,0x4e,92.0,No
C2,jafont_1,194,2,12,O,0x4f,70.0,No
C3,jafont_1,195,3,12,p,0x70,91.0,No
C4,jafont_1,196,4,12,@,0x40,82.0,No
C5,jafont_1,197,5,12,ド,0x30c9,91.0,No
C6,jafont_1,198,6,12,つ,0x3064,87.0,No
C7,jafont_1,199,7,12,T,0x54,91.0,No
C8,jafont_1,200,8,12,U,0x55,87.0,No
C9,jafont_1,201,9,12,V,0x56,85.0,No
CA,jafont_1,202,10,12,W,0x57,93.0,No
CB,jafont_1,203,11,12,X,0x58,76.0,No
CC,jafont_1,204,12,12,Y,0x59,92.0,No
CD,jafont_1,205,13,12,Z,0x5a,91.0,No
CE,jafont_1,206,14,12,,,0.0,No
CF,jafont_1,207,15,12,ポ,0x30dd,68.0,Yes
D0,jafont_1,208,0,13,し,0x3057,49.0,Yes
D1,jafont_1,209,1,13,o,0x6f,39.0,Yes
D2,jafont_1,210,2,13,の,0x306e,82.0,No
D3,jafont_1,211,3,13,2,0x32,82.0,No
D4,jafont_1,212,4,13,ン,0x30f3,68.0,Yes
D5,jafont_1,213,5,13,,,0.0,No
D6,jafont_1,214,6,13,S,0x53,50.0,Yes
D7,jafont_1,215,7,13,【,0x3010,92.0,No
D8,jafont_1,216,8,13,】,0x3011,59.0,Yes
D9,jafont_1,217,9,13,,,0.0,No
DA,jafont_1,218,10,13,ー,0x30fc,91.0,No
DB,jafont_1,219,11,13,2,0x32,83.0,No
DC,jafont_1,220,12,13,6,0x36,75.0,No
DD,jafont_1,221,13,13,[,0x5b,48.0,Yes
DE,jafont_1,222,14,13,」,0x300d,84.0,No
DF,jafont_1,223,15,13,(,0x28,92.0,No
E0,jafont_1,224,0,14,),0x29,92.0,No
E1,jafont_1,225,1,14,—,0x2014,68.0,Yes
E2,jafont_1,226,2,14,—,0x2014,68.0,Yes
E3,jafont_1,227,3,14,,,0.0,No
E4,jafont_1,228,4,14,,,0.0,No
E5,jafont_1,229,5,14,,,0.0,No
E6,jafont_1,230,6,14,4,0x34,77.0,No
E7,jafont_1,231,7,14,,,0.0,No
E8,jafont_1,232,8,14,,,0.0,No
E9,jafont_1,233,9,14,,,0.0,No
EA,jafont_1,234,10,14,,,0.0,No
EB,jafont_1,235,11,14,,,0.0,No
EC,jafont_1,236,12,14,,,0.0,No
ED,jafont_1,237,13,14,,,0.0,No
EE,jafont_1,238,14,14,,,0.0,No
EF,jafont_1,239,15,14,,,0.0,No
F0,jafont_1,240,0,15,,,0.0,No
F1,jafont_1,241,1,15,,,0.0,No
F2,jafont_1,242,2,15,,,0.0,No
F3,jafont_1,243,3,15,,,0.0,No
F4,jafont_1,244,4,15,,,0.0,No
F5,jafont_1,245,5,15,,,0.0,No
F6,jafont_1,246,6,15,,,0.0,No
F7,jafont_1,247,7,15,,,0.0,No
F8,jafont_1,248,8,15,,,0.0,No
F9,jafont_1,249,9,15,,,0.0,No
FA,jafont_1,250,10,15,,,0.0,No
FB,jafont_1,251,11,15,,,0.0,No
FC,jafont_1,252,12,15,,,0.0,No
FD,jafont_1,253,13,15,,,0.0,No
FE,jafont_1,254,14,15,,,0.0,No
FF,jafont_1,255,15,15,,,0.0,No
FA 00,jafont_2,0,0,0,必,0x5fc5,88.0,No
FA 01,jafont_2,1,1,0,徹,0x5fb9,16.0,Yes
FA 02,jafont_2,2,2,0,技,0x6280,91.0,No
FA 03,jafont_2,3,3,0,地,0x5730,92.0,No
FA 04,jafont_2,4,4,0,舌,0x820c,0.0,Yes
FA 05,jafont_2,5,5,0,ル,0x30eb,0.0,Yes
FA 06,jafont_2,6,6,0,欠,0x6b20,19.0,Yes
FA 07,jafont_2,7,7,0,裁,0x88c1,0.0,Yes
FA 08,jafont_2,8,8,0,雷,0x96f7,44.0,Yes
FA 09,jafont_2,9,9,0,大,0x5927,96.0,No
FA 0A,jafont_2,10,10,0,A,0x41,45.0,Yes
FA 0B,jafont_2,11,11,0,,,0.0,No
FA 0C,jafont_2,12,12,0,大,0x5927,38.0,Yes
FA 0D,jafont_2,13,13,0,員,0x54e1,0.0,Yes
FA 0E,jafont_2,14,14,0,村,0x6751,0.0,Yes
FA 0F,jafont_2,15,15,0,海,0x6d77,0.0,Yes
FA 10,jafont_2,16,0,1,衝,0x885d,16.0,Yes
FA 11,jafont_2,17,1,1,聖,0x8056,43.0,Yes
FA 12,jafont_2,18,2,1,,,0.0,No
FA 13,jafont_2,19,3,1,判,0x5224,78.0,No
FA 14,jafont_2,20,4,1,転,0x8ee2,52.0,Yes
FA 15,jafont_2,21,5,1,生,0x751f,88.0,No
FA 16,jafont_2,22,6,1,必,0x5fc5,0.0,Yes
FA 17,jafont_2,23,7,1,暗,0x6697,90.0,No
FA 18,jafont_2,24,8,1,の,0x306e,75.0,No
FA 19,jafont_2,25,9,1,釜,0x91dc,68.0,Yes
FA 1A,jafont_2,26,10,1,大,0x5927,96.0,No
FA 1B,jafont_2,27,11,1,朋,0x670b,83.0,No
FA 1C,jafont_2,28,12,1,ビ,0x30d3,48.0,Yes
FA 1D,jafont_2,29,13,1,寄,0x5bc4,0.0,Yes
FA 1E,jafont_2,30,14,1,式,0x5f0f,93.0,No
FA 1F,jafont_2,31,15,1,目,0x76ee,59.0,Yes
FA 20,jafont_2,32,0,2,爆,0x7206,90.0,No
FA 21,jafont_2,33,1,2,使,0x4f7f,83.0,No
FA 22,jafont_2,34,2,2,,,0.0,No
FA 23,jafont_2,35,3,2,身,0x8eab,0.0,Yes
FA 24,jafont_2,36,4,2,三,0x4e09,53.0,Yes
FA 25,jafont_2,37,5,2,選,0x9078,67.0,Yes
FA 26,jafont_2,38,6,2,,,0.0,No
FA 27,jafont_2,39,7,2,宇,0x5b87,0.0,Yes
FA 28,jafont_2,40,8,2,石,0x77f3,0.0,Yes
FA 29,jafont_2,41,9,2,凶,0x51f6,85.0,No
FA 2A,jafont_2,42,10,2,破,0x7834,49.0,Yes
FA 2B,jafont_2,43,11,2,眺,0x773a,49.0,Yes
FA 2C,jafont_2,44,12,2,撃,0x6483,0.0,Yes
FA 2D,jafont_2,45,13,2,画,0x753b,92.0,No
FA 2E,jafont_2,46,14,2,請,0x8acb,0.0,Yes
FA 2F,jafont_2,47,15,2,晴,0x6674,93.0,No
FA 30,jafont_2,48,0,3,点,0x70b9,88.0,No
FA 31,jafont_2,49,1,3,晴,0x6674,81.0,No
FA 32,jafont_2,50,2,3,起,0x8d77,0.0,Yes
FA 33,jafont_2,51,3,3,,,0.0,No
FA 34,jafont_2,52,4,3,武,0x6b66,67.0,Yes
FA 35,jafont_2,53,5,3,,,0.0,No
FA 36,jafont_2,54,6,3,計,0x8a08,0.0,Yes
FA 37,jafont_2,55,7,3,癒,0x7652,17.0,Yes
FA 38,jafont_2,56,8,3,風,0x98a8,62.0,Yes
FA 39,jafont_2,57,9,3,牙,0x7259,57.0,Yes
FA 3A,jafont_2,58,10,3,,,0.0,No
FA 3B,jafont_2,59,11,3,3,0x33,60.0,Yes
FA 3C,jafont_2,60,12,3,E,0x45,0.0,Yes
FA 3D,jafont_2,61,13,3,吹,0x5439,92.0,No
FA 3E,jafont_2,62,14,3,徐,0x5f90,0.0,Yes
FA 3F,jafont_2,63,15,3,年,0x5e74,69.0,Yes
FA 40,jafont_2,64,0,4,守,0x5b88,72.0,No
FA 41,jafont_2,65,1,4,護,0x8b77,63.0,Yes
FA 42,jafont_2,66,2,4,G,0x47,29.0,Yes
FA 43,jafont_2,67,3,4,設,0x8a2d,0.0,Yes
FA 44,jafont_2,68,4,4,,,0.0,No
FA 45,jafont_2,69,5,4,福,0x798f,19.0,Yes
FA 46,jafont_2,70,6,4,音,0x97f3,75.0,No
FA 47,jafont_2,71,7,4,党,0x515a,35.0,Yes
FA 48,jafont_2,72,8,4,打,0x6253,89.0,No
FA 49,jafont_2,73,9,4,水,0x6c34,92.0,No
FA 4A,jafont_2,74,10,4,血,0x8840,54.0,Yes
FA 4B,jafont_2,75,11,4,忠,0x5fe0,0.0,Yes
FA 4C,jafont_2,76,12,4,和,0x548c,0.0,Yes
FA 4D,jafont_2,77,13,4,較,0x8f03,0.0,Yes
FA 4E,jafont_2,78,14,4,合,0x5408,0.0,Yes
FA 4F,jafont_2,79,15,4,体,0x4f53,92.0,No
FA 50,jafont_2,80,0,5,疾,0x75be,0.0,Yes
FA 51,jafont_2,81,1,5,迅,0x8fc5,31.0,Yes
FA 52,jafont_2,82,2,5,明,0x660e,92.0,No
FA 53,jafont_2,83,3,5,見,0x898b,12.0,Yes
FA 54,jafont_2,84,4,5,止,0x6b62,47.0,Yes
FA 55,jafont_2,85,5,5,,,0.0,No
FA 56,jafont_2,86,6,5,山,0x5c71,91.0,No
FA 57,jafont_2,87,7,5,傾,0x50be,0.0,Yes
FA 58,jafont_2,88,8,5,,,0.0,No
FA 59,jafont_2,89,9,5,皿,0x76bf,36.0,Yes
FA 5A,jafont_2,90,10,5,2,0x32,53.0,Yes
FA 5B,jafont_2,91,11,5,避,0x907f,0.0,Yes
FA 5C,jafont_2,92,12,5,袖,0x8896,49.0,Yes
FA 5D,jafont_2,93,13,5,M,0x4d,21.0,Yes
FA 5E,jafont_2,94,14,5,触,0x89e6,0.0,Yes
FA 5F,jafont_2,95,15,5,者,0x8005,94.0,No
FA 60,jafont_2,96,0,6,滅,0x6ec5,0.0,Yes
FA 61,jafont_2,97,1,6,条,0x6761,0.0,Yes
FA 62,jafont_2,98,2,6,維,0x7dad,0.0,Yes
FA 63,jafont_2,99,3,6,万,0x4e07,95.0,No
FA 64,jafont_2,100,4,6,,,0.0,No
FA 65,jafont_2,101,5,6,装,0x88c5,58.0,Yes
FA 66,jafont_2,102,6,6,備,0x5099,72.0,No
FA 67,jafont_2,103,7,6,ぞ,0x305e,19.0,Yes
FA 68,jafont_2,104,8,6,攻,0x653b,92.0,No
FA 69,jafont_2,105,9,6,魔,0x9b54,65.0,Yes
FA 6A,jafont_2,106,10,6,法,0x6cd5,92.0,No
FA 6B,jafont_2,107,11,6,百,0x767e,0.0,Yes
FA 6C,jafont_2,108,12,6,喚,0x559a,91.0,No
FA 6D,jafont_2,109,13,6,人,0x4eba,37.0,Yes
FA 6E,jafont_2,110,14,6,呼,0x547c,39.0,Yes
FA 6F,jafont_2,111,15,6,出,0x51fa,92.0,No
FA 70,jafont_2,112,0,7,持,0x6301,92.0,No
FA 71,jafont_2,113,1,7,相,0x76f8,93.0,No
FA 72,jafont_2,114,2,7,手,0x624b,49.0,Yes
FA 73,jafont_2,115,3,7,物,0x7269,92.0,No
FA 74,jafont_2,116,4,7,上,0x4e0a,27.0,Yes
FA 75,jafont_2,117,5,7,に,0x306b,68.0,Yes
FA 76,jafont_2,118,6,7,9,0x39,11.0,Yes
FA 77,jafont_2,119,7,7,投,0x6295,91.0,No
FA 78,jafont_2,120,8,7,付,0x4ed8,91.0,No
FA 79,jafont_2,121,9,7,呈,0x5448,19.0,Yes
FA 7A,jafont_2,122,10,7,変,0x5909,22.0,Yes
FA 7B,jafont_2,123,11,7,化,0x5316,93.0,No
FA 7C,jafont_2,124,12,7,片,0x7247,76.0,No
FA 7D,jafont_2,125,13,7,方,0x65b9,95.0,No
FA 7E,jafont_2,126,14,7,行,0x884c,39.0,Yes
FA 7F,jafont_2,127,15,7,決,0x6c7a,92.0,No
FA 80,jafont_2,128,0,8,定,0x5b9a,92.0,No
FA 81,jafont_2,129,1,8,分,0x5206,61.0,Yes
FA 82,jafont_2,130,2,8,邊,0x908a,0.0,Yes
FA 83,jafont_2,131,3,8,前,0x524d,96.0,No
FA 84,jafont_2,132,4,8,具,0x5177,34.0,Yes
FA 85,jafont_2,133,5,8,似,0x4f3c,93.0,No
FA 86,jafont_2,134,6,8,光,0x5149,0.0,Yes
FA 87,jafont_2,135,7,8,列,0x5217,70.0,No
FA 88,jafont_2,136,8,8,後,0x5f8c,68.0,Yes
FA 89,jafont_2,137,9,8,位,0x4f4d,93.0,No
FA 8A,jafont_2,138,10,8,中,0x4e2d,73.0,No
FA 8B,jafont_2,139,11,8,防,0x9632,92.0,No
FA 8C,jafont_2,140,12,8,御,0x5fa1,81.0,No
FA 8D,jafont_2,141,13,8,,,0.0,No
FA 8E,jafont_2,142,14,8,回,0x56de,94.0,No
FA 8F,jafont_2,143,15,8,連,0x9023,92.0,No
FA 90,jafont_2,144,0,9,続,0x7d9a,62.0,Yes
FA 91,jafont_2,145,1,9,英,0x82f1,51.0,Yes
FA 92,jafont_2,146,2,9,へ,0x3078,83.0,No
FA 93,jafont_2,147,3,9,冊,0x518a,0.0,Yes
FA 94,jafont_2,148,4,9,効,0x52b9,18.0,Yes
FA 95,jafont_2,149,5,9,=,0x3d,89.0,No
FA 96,jafont_2,150,6,9,尾,0x5c3e,76.0,No
FA 97,jafont_2,151,7,9,毒,0x6bd2,90.0,No
FA 98,jafont_2,152,8,9,消,0x6d88,53.0,Yes
FA 99,jafont_2,153,9,9,へ,0x3078,71.0,No
FA 9A,jafont_2,154,10,9,ま,0x307e,0.0,Yes
FA 9B,jafont_2,155,11,9,の,0x306e,74.0,No
FA 9C,jafont_2,156,12,9,女,0x5973,92.0,No
FA 9D,jafont_2,157,13,9,興,0x8208,0.0,Yes
FA 9E,jafont_2,158,14,9,に,0x306b,81.0,No
FA 9F,jafont_2,159,15,9,剤,0x5264,85.0,No
FA A0,jafont_2,160,0,10,5,0x35,70.0,No
FA A1,jafont_2,161,1,10,本,0x672c,23.0,Yes
FA A2,jafont_2,162,2,10,,,0.0,No
FA A3,jafont_2,163,3,10,呆,0x5446,0.0,Yes
FA A4,jafont_2,164,4,10,英,0x82f1,67.0,Yes
FA A5,jafont_2,165,5,10,雄,0x96c4,38.0,Yes
FA A6,jafont_2,166,6,10,模,0x6a21,22.0,Yes
FA A7,jafont_2,167,7,10,旨,0x65e8,25.0,Yes
FA A8,jafont_2,168,8,10,石,0x77f3,75.0,No
FA A9,jafont_2,169,9,10,腕,0x8155,91.0,No
FA AA,jafont_2,170,10,10,砂,0x7802,92.0,No
FA AB,jafont_2,171,11,10,時,0x6642,96.0,No
FA AC,jafont_2,172,12,10,計,0x8a08,93.0,No
FA AD,jafont_2,173,13,10,才,0x624d,0.0,Yes
FA AE,jafont_2,174,14,10,9,0x39,66.0,Yes
FA AF,jafont_2,175,15,10,惑,0x60d1,25.0,Yes
FA B0,jafont_2,176,0,11,卓,0x5353,34.0,Yes
FA B1,jafont_2,177,1,11,オ,0x30aa,66.0,Yes
FA B2,jafont_2,178,2,11,南,0x5357,79.0,No
FA B3,jafont_2,179,3,11,杭,0x676d,0.0,Yes
FA B4,jafont_2,180,4,11,准,0x51c6,15.0,Yes
FA B5,jafont_2,181,5,11,%,0x25,0.0,Yes
FA B6,jafont_2,182,6,11,日,0x65e5,96.0,No
FA B7,jafont_2,183,7,11,電,0x96fb,92.0,No
FA B8,jafont_2,184,8,11,鳥,0x9ce5,56.0,Yes
FA B9,jafont_2,185,9,11,角,0x89d2,89.0,No
FA BA,jafont_2,186,10,11,,,0.0,No
FA BB,jafont_2,187,11,11,寺,0x5bfa,65.0,Yes
FA BC,jafont_2,188,12,11,中,0x4e2d,48.0,Yes
FA BD,jafont_2,189,13,11,爪,0x722a,0.0,Yes
FA BE,jafont_2,190,14,11,光,0x5149,56.0,Yes
FA BF,jafont_2,191,15,11,月,0x6708,96.0,No
FA C0,jafont_2,192,0,12,反,0x53cd,91.0,No
FA C1,jafont_2,193,1,12,三,0x4e09,47.0,Yes
FA C2,jafont_2,194,2,12,目,0x76ee,91.0,No
FA C3,jafont_2,195,3,12,人,0x4eba,74.0,No
FA C4,jafont_2,196,4,12,,,0.0,No
FA C5,jafont_2,197,5,12,力,0x529b,86.0,No
FA C6,jafont_2,198,6,12,球,0x7403,92.0,No
FA C7,jafont_2,199,7,12,空,0x7a7a,53.0,Yes
FA C8,jafont_2,200,8,12,巡,0x5de1,40.0,Yes
FA C9,jafont_2,201,9,12,ま,0x307e,67.0,Yes
FA CA,jafont_2,202,10,12,来,0x6765,56.0,Yes
FA CB,jafont_2,203,11,12,実,0x5b9f,0.0,Yes
FA CC,jafont_2,204,12,12,兵,0x5175,93.0,No
FA CD,jafont_2,205,13,12,ミ,0x30df,70.0,No
FA CE,jafont_2,206,14,12,毛,0x6bdb,88.0,No
FA CF,jafont_2,207,15,12,2,0x32,82.0,No
FA D0,jafont_2,208,0,13,色,0x8272,93.0,No
FA D1,jafont_2,209,1,13,受,0x53d7,0.0,Yes
FA D2,jafont_2,210,2,13,,,0.0,No
FA D3,jafont_2,211,3,13,,,0.0,No
FA D4,jafont_2,212,4,13,,,0.0,No
FA D5,jafont_2,213,5,13,,,0.0,No
FA D6,jafont_2,214,6,13,,,0.0,No
FA D7,jafont_2,215,7,13,,,0.0,No
FA D8,jafont_2,216,8,13,,,0.0,No
FA D9,jafont_2,217,9,13,,,0.0,No
FA DA,jafont_2,218,10,13,,,0.0,No
FA DB,jafont_2,219,11,13,,,0.0,No
FA DC,jafont_2,220,12,13,,,0.0,No
FA DD,jafont_2,221,13,13,,,0.0,No
FA DE,jafont_2,222,14,13,,,0.0,No
FA DF,jafont_2,223,15,13,,,0.0,No
FA E0,jafont_2,224,0,14,[,0x5b,90.0,No
FA E1,jafont_2,225,1,14,」,0x300d,45.0,Yes
FA E2,jafont_2,226,2,14,,,0.0,No
FA E3,jafont_2,227,3,14,2,0x32,96.0,No
FA E4,jafont_2,228,4,14,1,0x31,56.0,Yes
FA E5,jafont_2,229,5,14,ギ,0x30ae,87.0,No
FA E6,jafont_2,230,6,14,2,0x32,74.0,No
FA E7,jafont_2,231,7,14,/,0x2f,93.0,No
FA E8,jafont_2,232,8,14,の,0x306e,22.0,Yes
FA E9,jafont_2,233,9,14,@,0x40,71.0,No
FA EA,jafont_2,234,10,14,ー,0x30fc,0.0,Yes
FA EB,jafont_2,235,11,14,1,0x31,89.0,No
FA EC,jafont_2,236,12,14,を,0x3092,88.0,No
FA ED,jafont_2,237,13,14,\,0x5c,53.0,Yes
FA EE,jafont_2,238,14,14,渓,0x6e13,68.0,Yes
FA EF,jafont_2,239,15,14,,,0.0,No
FA F0,jafont_2,240,0,15,,,0.0,No
FA F1,jafont_2,241,1,15,,,0.0,No
FA F2,jafont_2,242,2,15,,,0.0,No
FA F3,jafont_2,243,3,15,,,0.0,No
FA F4,jafont_2,244,4,15,,,0.0,No
FA F5,jafont_2,245,5,15,,,0.0,No
FA F6,jafont_2,246,6,15,,,0.0,No
FA F7,jafont_2,247,7,15,,,0.0,No
FA F8,jafont_2,248,8,15,,,0.0,No
FA F9,jafont_2,249,9,15,,,0.0,No
FA FA,jafont_2,250,10,15,,,0.0,No
FA FB,jafont_2,251,11,15,,,0.0,No
FA FC,jafont_2,252,12,15,,,0.0,No
FA FD,jafont_2,253,13,15,,,0.0,No
FA FE,jafont_2,254,14,15,,,0.0,No
FA FF,jafont_2,255,15,15,,,0.0,No
FB 00,jafont_3,0,0,0,安,0x5b89,90.0,No
FB 01,jafont_3,1,1,0,所,0x6240,20.0,Yes
FB 02,jafont_3,2,2,0,花,0x82b1,92.0,No
FB 03,jafont_3,3,3,0,会,0x4f1a,71.0,No
FB 04,jafont_3,4,4,0,具,0x5177,78.0,No
FB 05,jafont_3,5,5,0,蜂,0x8702,91.0,No
FB 06,jafont_3,6,6,0,密,0x5bc6,61.0,Yes
FB 07,jafont_3,7,7,0,館,0x9928,84.0,No
FB 08,jafont_3,8,8,0,下,0x4e0b,91.0,No
FB 09,jafont_3,9,9,0,三,0x4e09,90.0,No
FB 0A,jafont_3,10,10,0,人,0x4eba,71.0,No
FB 0B,jafont_3,11,11,0,フ,0x30d5,0.0,Yes
FB 0C,jafont_3,12,12,0,不,0x4e0d,92.0,No
FB 0D,jafont_3,13,13,0,子,0x5b50,49.0,Yes
FB 0E,jafont_3,14,14,0,供,0x4f9b,92.0,No
FB 0F,jafont_3,15,15,0,屋,0x5c4b,50.0,Yes
FB 10,jafont_3,16,0,1,商,0x5546,92.0,No
FB 11,jafont_3,17,1,1,ロ,0x30ed,53.0,Yes
FB 12,jafont_3,18,2,1,京,0x4eac,0.0,Yes
FB 13,jafont_3,19,3,1,交,0x4ea4,91.0,No
FB 14,jafont_3,20,4,1,換,0x63db,89.0,No
FB 15,jafont_3,21,5,1,階,0x968e,0.0,Yes
FB 16,jafont_3,22,6,1,模,0x6a21,91.0,No
FB 17,jafont_3,23,7,1,弄,0x5f04,50.0,Yes
FB 18,jafont_3,24,8,1,部,0x90e8,61.0,Yes
FB 19,jafont_3,25,9,1,離,0x96e2,54.0,Yes
FB 1A,jafont_3,26,10,1,場,0x5834,22.0,Yes
FB 1B,jafont_3,27,11,1,所,0x6240,96.0,No
FB 1C,jafont_3,28,12,1,仲,0x4ef2,63.0,Yes
FB 1D,jafont_3,29,13,1,韻,0x97fb,0.0,Yes
FB 1E,jafont_3,30,14,1,1,0x31,0.0,Yes
FB 1F,jafont_3,31,15,1,抽,0x62bd,0.0,Yes
FB 20,jafont_3,32,0,2,陣,0x9663,0.0,Yes
FB 21,jafont_3,33,1,2,殿,0x6bbf,66.0,Yes
FB 22,jafont_3,34,2,2,様,0x69d8,72.0,No
FB 23,jafont_3,35,3,2,秘,0x79d8,76.0,No
FB 24,jafont_3,36,4,2,水,0x6c34,61.0,Yes
FB 25,jafont_3,37,5,2,河,0x6cb3,92.0,No
FB 26,jafont_3,38,6,2,図,0x56f3,88.0,No
FB 27,jafont_3,39,7,2,何,0x4f55,92.0,No
FB 28,jafont_3,40,8,2,材,0x6750,93.0,No
FB 29,jafont_3,41,9,2,符,0x7b26,0.0,Yes
FB 2A,jafont_3,42,10,2,雪,0x96ea,85.0,No
FB 2B,jafont_3,43,11,2,上,0x4e0a,96.0,No
FB 2C,jafont_3,44,12,2,進,0x9032,42.0,Yes
FB 2D,jafont_3,45,13,2,事,0x4e8b,92.0,No
FB 2E,jafont_3,46,14,2,ご,0x3054,59.0,Yes
FB 2F,jafont_3,47,15,2,代,0x4ee3,92.0,No
FB 30,jafont_3,48,0,3,種,0x7a2e,44.0,Yes
FB 31,jafont_3,49,1,3,3,0x33,0.0,Yes
FB 32,jafont_3,50,2,3,娘,0x5a18,33.0,Yes
FB 33,jafont_3,51,3,3,紙,0x7d19,60.0,Yes
FB 34,jafont_3,52,4,3,町,0x753a,96.0,No
FB 35,jafont_3,53,5,3,住,0x4f4f,12.0,Yes
FB 36,jafont_3,54,6,3,E,0x45,0.0,Yes
FB 37,jafont_3,55,7,3,眠,0x7720,0.0,Yes
FB 38,jafont_3,56,8,3,>,0x3e,0.0,Yes
FB 39,jafont_3,57,9,3,最,0x6700,10.0,Yes
FB 3A,jafont_3,58,10,3,初,0x521d,68.0,Yes
FB 3B,jafont_3,59,11,3,村,0x6751,92.0,No
FB 3C,jafont_3,60,12,3,十,0x5341,75.0,No
FB 3D,jafont_3,61,13,3,],0x5d,0.0,Yes
FB 3E,jafont_3,62,14,3,陸,0x9678,91.0,No
FB 3F,jafont_3,63,15,3,古,0x53e4,61.0,Yes
FB 40,jafont_3,64,0,4,,,0.0,No
FB 41,jafont_3,65,1,4,議,0x8b70,25.0,Yes
FB 42,jafont_3,66,2,4,雲,0x96f2,40.0,Yes
FB 43,jafont_3,67,3,4,車,0x8eca,4.0,Yes
FB 44,jafont_3,68,4,4,,,0.0,No
FB 45,jafont_3,69,5,4,吊,0x540a,0.0,Yes
FB 46,jafont_3,70,6,4,通,0x901a,20.0,Yes
FB 47,jafont_3,71,7,4,,,0.0,No
FB 48,jafont_3,72,8,4,父,0x7236,74.0,No
FB 49,jafont_3,73,9,4,蛇,0x86c7,12.0,Yes
FB 4A,jafont_3,74,10,4,,,0.0,No
FB 4B,jafont_3,75,11,4,表,0x8868,0.0,Yes
FB 4C,jafont_3,76,12,4,優,0x512a,70.0,No
FB 4D,jafont_3,77,13,4,,,0.0,No
FB 4E,jafont_3,78,14,4,埋,0x57cb,0.0,Yes
FB 4F,jafont_3,79,15,4,十,0x5341,87.0,No
FB 50,jafont_3,80,0,5,字,0x5b57,89.0,No
FB 51,jafont_3,81,1,5,明,0x660e,0.0,Yes
FB 52,jafont_3,82,2,5,車,0x8eca,55.0,Yes
FB 53,jafont_3,83,3,5,円,0x5186,96.0,No
FB 54,jafont_3,84,4,5,還,0x9084,0.0,Yes
FB 55,jafont_3,85,5,5,=,0x3d,28.0,Yes
FB 56,jafont_3,86,6,5,折,0x6298,93.0,No
FB 57,jafont_3,87,7,5,鈴,0x9234,0.0,Yes
FB 58,jafont_3,88,8,5,倶,0x5036,32.0,Yes
FB 59,jafont_3,89,9,5,,,0.0,No
FB 5A,jafont_3,90,10,5,,,0.0,No
FB 5B,jafont_3,91,11,5,見,0x898b,40.0,Yes
FB 5C,jafont_3,92,12,5,ウ,0x30a6,41.0,Yes
FB 5D,jafont_3,93,13,5,d,0x64,8.0,Yes
FB 5E,jafont_3,94,14,5,玉,0x7389,34.0,Yes
FB 5F,jafont_3,95,15,5,止,0x6b62,73.0,No
FB 60,jafont_3,96,0,6,示,0x793a,92.0,No
FB 61,jafont_3,97,1,6,時,0x6642,3.0,Yes
FB 62,jafont_3,98,2,6,皿,0x76bf,82.0,No
FB 63,jafont_3,99,3,6,人,0x4eba,0.0,Yes
FB 64,jafont_3,100,4,6,属,0x5c5e,92.0,No
FB 65,jafont_3,101,5,6,性,0x6027,96.0,No
FB 66,jafont_3,102,6,6,吸,0x5438,35.0,Yes
FB 67,jafont_3,103,7,6,収,0x53ce,15.0,Yes
FB 68,jafont_3,104,8,6,半,0x534a,92.0,No
FB 69,jafont_3,105,9,6,洲,0x6d32,0.0,Yes
FB 6A,jafont_3,106,10,6,土,0x571f,30.0,Yes
FB 6B,jafont_3,107,11,6,合,0x5408,27.0,Yes
FB 6C,jafont_3,108,12,6,4,0x34,29.0,Yes
FB 6D,jafont_3,109,13,6,状,0x72b6,92.0,No
FB 6E,jafont_3,110,14,6,片,0x7247,0.0,Yes
FB 6F,jafont_3,111,15,6,繧,0x7e67,0.0,Yes
FB 70,jafont_3,112,0,7,間,0x9593,75.0,No
FB 71,jafont_3,113,1,7,H,0x48,35.0,Yes
FB 72,jafont_3,114,2,7,石,0x77f3,66.0,Yes
FB 73,jafont_3,115,3,7,術,0x8853,0.0,Yes
FB 74,jafont_3,116,4,7,々,0x3005,92.0,No
FB 75,jafont_3,117,5,7,的,0x7684,96.0,No
FB 76,jafont_3,118,6,7,指,0x6307,89.0,No
FB 77,jafont_3,119,7,7,泥,0x6ce5,71.0,No
FB 78,jafont_3,120,8,7,呪,0x546a,20.0,Yes
FB 79,jafont_3,121,9,7,団,0x56e3,0.0,Yes
FB 7A,jafont_3,122,10,7,尋,0x5c0b,0.0,Yes
FB 7B,jafont_3,123,11,7,歩,0x6b69,63.0,Yes
FB 7C,jafont_3,124,12,7,復,0x5fa9,34.0,Yes
FB 7D,jafont_3,125,13,7,次,0x6b21,87.0,No
FB 7E,jafont_3,126,14,7,小,0x5c0f,91.0,No
FB 7F,jafont_3,127,15,7,治,0x6cbb,59.0,Yes
FB 80,jafont_3,128,0,8,理,0x7406,70.0,No
FB 81,jafont_3,129,1,8,同,0x540c,89.0,No
FB 82,jafont_3,130,2,8,束,0x675f,56.0,Yes
FB 83,jafont_3,131,3,8,遅,0x9045,12.0,Yes
FB 84,jafont_3,132,4,8,光,0x5149,0.0,Yes
FB 85,jafont_3,133,5,8,去,0x53bb,88.0,No
FB 86,jafont_3,134,6,8,=,0x3d,91.0,No
FB 87,jafont_3,135,7,8,,,0.0,No
FB 88,jafont_3,136,8,8,味,0x5473,93.0,No
FB 89,jafont_3,137,9,8,沈,0x6c88,90.0,No
FB 8A,jafont_3,138,10,8,人,0x4eba,33.0,Yes
FB 8B,jafont_3,139,11,8,逐,0x9010,0.0,Yes
FB 8C,jafont_3,140,12,8,倍,0x500d,86.0,No
FB 8D,jafont_3,141,13,8,,,0.0,No
FB 8E,jafont_3,142,14,8,瀬,0x702c,0.0,Yes
FB 8F,jafont_3,143,15,8,H,0x48,93.0,No
FB 90,jafont_3,144,0,9,返,0x8fd4,74.0,No
FB 91,jafont_3,145,1,9,人,0x4eba,95.0,No
FB 92,jafont_3,146,2,9,今,0x4eca,56.0,Yes
FB 93,jafont_3,147,3,9,差,0x5dee,0.0,Yes
FB 94,jafont_3,148,4,9,誰,0x8ab0,81.0,No
FB 95,jafont_3,149,5,9,当,0x5f53,88.0,No
FB 96,jafont_3,150,6,9,払,0x6255,84.0,No
FB 97,jafont_3,151,7,9,は,0x306f,54.0,Yes
FB 98,jafont_3,152,8,9,飛,0x98db,92.0,No
FB 99,jafont_3,153,9,9,以,0x4ee5,93.0,No
FB 9A,jafont_3,154,10,9,外,0x5916,92.0,No
FB 9B,jafont_3,155,11,9,禁,0x7981,85.0,No
FB 9C,jafont_3,156,12,9,台,0x53f0,0.0,Yes
FB 9D,jafont_3,157,13,9,振,0x632f,50.0,Yes
FB 9E,jafont_3,158,14,9,三,0x4e09,92.0,No
FB 9F,jafont_3,159,15,9,中,0x4e2d,96.0,No
FB A0,jafont_3,160,0,10,旋,0x65cb,91.0,No
FB A1,jafont_3,161,1,10,津,0x6d25,53.0,Yes
FB A2,jafont_3,162,2,10,波,0x6ce2,56.0,Yes
FB A3,jafont_3,163,3,10,育,0x80b2,93.0,No
FB A4,jafont_3,164,4,10,機,0x6a5f,92.0,No
FB A5,jafont_3,165,5,10,,,0.0,No
FB A6,jafont_3,166,6,10,(,0x28,34.0,Yes
FB A7,jafont_3,167,7,10,ル,0x30eb,0.0,Yes
FB A8,jafont_3,168,8,10,新,0x65b0,87.0,No
FB A9,jafont_3,169,9,10,両,0x4e21,0.0,Yes
FB AA,jafont_3,170,10,10,本,0x672c,92.0,No
FB AB,jafont_3,171,11,10,ど,0x3069,51.0,Yes
FB AC,jafont_3,172,12,10,洞,0x6d1e,85.0,No
FB AD,jafont_3,173,13,10,内,0x5185,96.0,No
FB AE,jafont_3,174,14,10,作,0x4f5c,92.0,No
FB AF,jafont_3,175,15,10,警,0x8b66,26.0,Yes
FB B0,jafont_3,176,0,11,特,0x7279,92.0,No
FB B1,jafont_3,177,1,11,丈,0x4e08,50.0,Yes
FB B2,jafont_3,178,2,11,,,0.0,No
FB B3,jafont_3,179,3,11,E,0x45,35.0,Yes
FB B4,jafont_3,180,4,11,バ,0x30d0,78.0,No
FB B5,jafont_3,181,5,11,,,0.0,No
FB B6,jafont_3,182,6,11,族,0x65cf,90.0,No
FB B7,jafont_3,183,7,11,記,0x8a18,14.0,Yes
FB B8,jafont_3,184,8,11,吉,0x5409,2.0,Yes
FB B9,jafont_3,185,9,11,5,0x35,6.0,Yes
FB BA,jafont_3,186,10,11,中,0x4e2d,36.0,Yes
FB BB,jafont_3,187,11,11,旬,0x65ec,0.0,Yes
FB BC,jafont_3,188,12,11,豆,0x8c46,0.0,Yes
FB BD,jafont_3,189,13,11,怪,0x602a,93.0,No
FB BE,jafont_3,190,14,11,礎,0x790e,0.0,Yes
FB BF,jafont_3,191,15,11,中,0x4e2d,66.0,Yes
FB C0,jafont_3,192,0,12,吹,0x5439,0.0,Yes
FB C1,jafont_3,193,1,12,侍,0x4f8d,64.0,Yes
FB C2,jafont_3,194,2,12,左,0x5de6,80.0,No
FB C3,jafont_3,195,3,12,自,0x81ea,86.0,No
FB C4,jafont_3,196,4,12,次,0x6b21,30.0,Yes
FB C5,jafont_3,197,5,12,,,0.0,No
FB C6,jafont_3,198,6,12,親,0x89aa,43.0,Yes
FB C7,jafont_3,199,7,12,衛,0x885b,58.0,Yes
FB C8,jafont_3,200,8,12,夫,0x592b,0.0,Yes
FB C9,jafont_3,201,9,12,玉,0x7389,0.0,Yes
FB CA,jafont_3,202,10,12,朱,0x6731,0.0,Yes
FB CB,jafont_3,203,11,12,像,0x50cf,0.0,Yes
FB CC,jafont_3,204,12,12,人,0x4eba,0.0,Yes
FB CD,jafont_3,205,13,12,ミ,0x30df,79.0,No
FB CE,jafont_3,206,14,12,般,0x822c,39.0,Yes
FB CF,jafont_3,207,15,12,見,0x898b,92.0,No
FB D0,jafont_3,208,0,13,幸,0x5e78,54.0,Yes
FB D1,jafont_3,209,1,13,充,0x5145,0.0,Yes
FB D2,jafont_3,210,2,13,,,0.0,No
FB D3,jafont_3,211,3,13,完,0x5b8c,92.0,No
FB D4,jafont_3,212,4,13,了,0x4e86,70.0,No
FB D5,jafont_3,213,5,13,5,0x35,37.0,Yes
FB D6,jafont_3,214,6,13,フ,0x30d5,9.0,Yes
FB D7,jafont_3,215,7,13,経,0x7d4c,47.0,Yes
FB D8,jafont_3,216,8,13,上,0x4e0a,0.0,Yes
FB D9,jafont_3,217,9,13,値,0x5024,57.0,Yes
FB DA,jafont_3,218,10,13,終,0x7d42,56.0,Yes
FB DB,jafont_3,219,11,13,獲,0x7372,90.0,No
FB DC,jafont_3,220,12,13,待,0x5f85,75.0,No
FB DD,jafont_3,221,13,13,名,0x540d,96.0,No
FB DE,jafont_3,222,14,13,志,0x5fd7,38.0,Yes
FB DF,jafont_3,223,15,13,時,0x6642,0.0,Yes
FB E0,jafont_3,224,0,14,探,0x63a2,53.0,Yes
FB E1,jafont_3,225,1,14,成,0x6210,17.0,Yes
FB E2,jafont_3,226,2,14,費,0x8cbb,89.0,No
FB E3,jafont_3,227,3,14,育,0x80b2,0.0,Yes
FB E4,jafont_3,228,4,14,切,0x5207,92.0,No
FB E5,jafont_3,229,5,14,替,0x66ff,32.0,Yes
FB E6,jafont_3,230,6,14,印,0x5370,46.0,Yes
FB E7,jafont_3,231,7,14,,,0.0,No
FB E8,jafont_3,232,8,14,団,0x56e3,70.0,No
FB E9,jafont_3,233,9,14,記,0x8a18,93.0,No
FB EA,jafont_3,234,10,14,憶,0x61b6,67.0,Yes
FB EB,jafont_3,235,11,14,選,0x9078,35.0,Yes
FB EC,jafont_3,236,12,14,番,0x756a,66.0,Yes
FB ED,jafont_3,237,13,14,街,0x8857,87.0,No
FB EE,jafont_3,238,14,14,底,0x5e95,25.0,Yes
FB EF,jafont_3,239,15,14,7,0x37,45.0,Yes
FB F0,jafont_3,240,0,15,都,0x90fd,74.0,No
FB F1,jafont_3,241,1,15,過,0x904e,0.0,Yes
FB F2,jafont_3,242,2,15,役,0x5f79,0.0,Yes
FB F3,jafont_3,243,3,15,路,0x8def,92.0,No
FB F4,jafont_3,244,4,15,連,0x9023,62.0,Yes
FB F5,jafont_3,245,5,15,撤,0x64a4,0.0,Yes
FB F6,jafont_3,246,6,15,船,0x8239,0.0,Yes
FB F7,jafont_3,247,7,15,大,0x5927,50.0,Yes
FB F8,jafont_3,248,8,15,A,0x41,0.0,Yes
FB F9,jafont_3,249,9,15,港,0x6e2f,52.0,Yes
FB FA,jafont_3,250,10,15,未,0x672a,44.0,Yes
FB FB,jafont_3,251,11,15,倫,0x502b,0.0,Yes
FB FC,jafont_3,252,12,15,四,0x56db,26.0,Yes
FB FD,jafont_3,253,13,15,追,0x8ffd,25.0,Yes
FB FE,jafont_3,254,14,15,M,0x4d,32.0,Yes
FB FF,jafont_3,255,15,15,家,0x5bb6,92.0,No
FC 00,jafont_4,0,0,0,,,0.0,No
FC 01,jafont_4,1,1,0,団,0x56e3,70.0,No
FC 02,jafont_4,2,2,0,記,0x8a18,93.0,No
FC 03,jafont_4,3,3,0,憶,0x61b6,67.0,Yes
FC 04,jafont_4,4,4,0,選,0x9078,35.0,Yes
FC 05,jafont_4,5,5,0,番,0x756a,66.0,Yes
FC 06,jafont_4,6,6,0,街,0x8857,87.0,No
FC 07,jafont_4,7,7,0,底,0x5e95,25.0,Yes
FC 08,jafont_4,8,8,0,7,0x37,45.0,Yes
FC 09,jafont_4,9,9,0,都,0x90fd,74.0,No
FC 0A,jafont_4,10,10,0,過,0x904e,0.0,Yes
FC 0B,jafont_4,11,11,0,役,0x5f79,0.0,Yes
FC 0C,jafont_4,12,12,0,路,0x8def,92.0,No
FC 0D,jafont_4,13,13,0,連,0x9023,62.0,Yes
FC 0E,jafont_4,14,14,0,撤,0x64a4,0.0,Yes
FC 0F,jafont_4,15,15,0,船,0x8239,0.0,Yes
FC 10,jafont_4,16,0,1,暴,0x66b4,38.0,Yes
FC 11,jafont_4,17,1,1,A,0x41,0.0,Yes
FC 12,jafont_4,18,2,1,港,0x6e2f,52.0,Yes
FC 13,jafont_4,19,3,1,未,0x672a,44.0,Yes
FC 14,jafont_4,20,4,1,倫,0x502b,0.0,Yes
FC 15,jafont_4,21,5,1,四,0x56db,26.0,Yes
FC 16,jafont_4,22,6,1,追,0x8ffd,25.0,Yes
FC 17,jafont_4,23,7,1,M,0x4d,32.0,Yes
FC 18,jafont_4,24,8,1,家,0x5bb6,92.0,No
FC 19,jafont_4,25,9,1,,,0.0,No
FC 1A,jafont_4,26,10,1,間,0x9593,71.0,No
FC 1B,jafont_4,27,11,1,,,0.0,No
FC 1C,jafont_4,28,12,1,米,0x7c73,0.0,Yes
FC 1D,jafont_4,29,13,1,宮,0x5bae,87.0,No
FC 1E,jafont_4,30,14,1,%,0x25,0.0,Yes
FC 1F,jafont_4,31,15,1,壁,0x58c1,0.0,Yes
FC 20,jafont_4,32,0,2,こ,0x3053,22.0,Yes
FC 21,jafont_4,33,1,2,社,0x793e,91.0,No
FC 22,jafont_4,34,2,2,久,0x4e45,89.0,No
FC 23,jafont_4,35,3,2,件,0x4ef6,96.0,No
FC 24,jafont_4,36,4,2,想,0x60f3,91.0,No
FC 25,jafont_4,37,5,2,秒,0x79d2,89.0,No
FC 26,jafont_4,38,6,2,予,0x4e88,60.0,Yes
FC 27,jafont_4,39,7,2,多,0x591a,82.0,No
FC 28,jafont_4,40,8,2,党,0x515a,49.0,Yes
FC 29,jafont_4,41,9,2,受,0x53d7,91.0,No
FC 2A,jafont_4,42,10,2,組,0x7d44,89.0,No
FC 2B,jafont_4,43,11,2,示,0x793a,90.0,No
FC 2C,jafont_4,44,12,2,糸,0x7cf8,46.0,Yes
FC 2D,jafont_4,45,13,2,標,0x6a19,62.0,Yes
FC 2E,jafont_4,46,14,2,E,0x45,25.0,Yes
FC 2F,jafont_4,47,15,2,迫,0x8feb,89.0,No
FC 30,jafont_4,48,0,3,=,0x3d,93.0,No
FC 31,jafont_4,49,1,3,勝,0x52dd,53.0,Yes
FC 32,jafont_4,50,2,3,形,0x5f62,93.0,No
FC 33,jafont_4,51,3,3,引,0x5f15,26.0,Yes
FC 34,jafont_4,52,4,3,現,0x73fe,44.0,Yes
FC 35,jafont_4,53,5,3,解,0x89e3,0.0,Yes
FC 36,jafont_4,54,6,3,除,0x9664,82.0,No
FC 37,jafont_4,55,7,3,I,0x49,46.0,Yes
FC 38,jafont_4,56,8,3,=,0x3d,34.0,Yes
FC 39,jafont_4,57,9,3,画,0x753b,50.0,Yes
FC 3A,jafont_4,58,10,3,ロ,0x30ed,65.0,Yes
FC 3B,jafont_4,59,11,3,ー,0x30fc,72.0,No
FC 3C,jafont_4,60,12,3,,,0.0,No
FC 3D,jafont_4,61,13,3,梁,0x6881,20.0,Yes
FC 3E,jafont_4,62,14,3,液,0x6db2,28.0,Yes
FC 3F,jafont_4,63,15,3,活,0x6d3b,84.0,No
FC 40,jafont_4,64,0,4,,,0.0,No
FC 41,jafont_4,65,1,4,一,0x4e00,47.0,Yes
FC 42,jafont_4,66,2,4,隠,0x96a0,4.0,Yes
FC 43,jafont_4,67,3,4,主,0x4e3b,51.0,Yes
FC 44,jafont_4,68,4,4,ー,0x30fc,53.0,Yes
FC 45,jafont_4,69,5,4,合,0x5408,0.0,Yes
FC 46,jafont_4,70,6,4,温,0x6e29,0.0,Yes
FC 47,jafont_4,71,7,4,泉,0x6cc9,91.0,No
FC 48,jafont_4,72,8,4,白,0x767d,89.0,No
FC 49,jafont_4,73,9,4,段,0x6bb5,0.0,Yes
FC 4A,jafont_4,74,10,4,4,0x34,0.0,Yes
FC 4B,jafont_4,75,11,4,走,0x8d70,89.0,No
FC 4C,jafont_4,76,12,4,妨,0x59a8,0.0,Yes
FC 4D,jafont_4,77,13,4,降,0x964d,91.0,No
FC 4E,jafont_4,78,14,4,礁,0x7901,29.0,Yes
FC 4F,jafont_4,79,15,4,敬,0x656c,0.0,Yes
FC 50,jafont_4,80,0,5,出,0x51fa,19.0,Yes
FC 51,jafont_4,81,1,5,3,0x33,84.0,No
FC 52,jafont_4,82,2,5,危,0x5371,0.0,Yes
FC 53,jafont_4,83,3,5,記,0x8a18,0.0,Yes
FC 54,jafont_4,84,4,5,束,0x675f,0.0,Yes
FC 55,jafont_4,85,5,5,咲,0x54b2,0.0,Yes
FC 56,jafont_4,86,6,5,軟,0x8edf,87.0,No
FC 57,jafont_4,87,7,5,骨,0x9aa8,80.0,No
FC 58,jafont_4,88,8,5,計,0x8a08,0.0,Yes
FC 59,jafont_4,89,9,5,=,0x3d,46.0,Yes
FC 5A,jafont_4,90,10,5,岩,0x5ca9,0.0,Yes
FC 5B,jafont_4,91,11,5,員,0x54e1,6.0,Yes
FC 5C,jafont_4,92,12,5,吊,0x540a,13.0,Yes
FC 5D,jafont_4,93,13,5,所,0x6240,29.0,Yes
FC 5E,jafont_4,94,14,5,作,0x4f5c,0.0,Yes
FC 5F,jafont_4,95,15,5,粉,0x7c89,0.0,Yes
FC 60,jafont_4,96,0,6,失,0x5931,70.0,No
FC 61,jafont_4,97,1,6,敗,0x6557,74.0,No
FC 62,jafont_4,98,2,6,眼,0x773c,0.0,Yes
FC 63,jafont_4,99,3,6,激,0x6fc0,84.0,No
FC 64,jafont_4,100,4,6,毅,0x6bc5,0.0,Yes
FC 65,jafont_4,101,5,6,夢,0x5922,0.0,Yes
FC 66,jafont_4,102,6,6,角,0x89d2,0.0,Yes
FC 67,jafont_4,103,7,6,中,0x4e2d,31.0,Yes
FC 68,jafont_4,104,8,6,喰,0x55b0,79.0,No
FC 69,jafont_4,105,9,6,盾,0x76fe,7.0,Yes
FC 6A,jafont_4,106,10,6,員,0x54e1,0.0,Yes
FC 6B,jafont_4,107,11,6,,,0.0,No
FC 6C,jafont_4,108,12,6,章,0x7ae0,58.0,Yes
FC 6D,jafont_4,109,13,6,退,0x9000,87.0,No
FC 6E,jafont_4,110,14,6,不,0x4e0d,49.0,Yes
FC 6F,jafont_4,111,15,6,叶,0x53f6,70.0,No
FC 70,jafont_4,112,0,7,線,0x7dda,0.0,Yes
FC 71,jafont_4,113,1,7,,,0.0,No
FC 72,jafont_4,114,2,7,押,0x62bc,84.0,No
FC 73,jafont_4,115,3,7,沖,0x6c96,0.0,Yes
FC 74,jafont_4,116,4,7,曲,0x66f2,86.0,No
FC 75,jafont_4,117,5,7,異,0x7570,0.0,Yes
FC 76,jafont_4,118,6,7,教,0x6559,68.0,Yes
FC 77,jafont_4,119,7,7,旦,0x65e6,50.0,Yes
FC 78,jafont_4,120,8,7,太,0x592a,92.0,No
FC 79,jafont_4,121,9,7,陽,0x967d,58.0,Yes
FC 7A,jafont_4,122,10,7,グ,0x30b0,66.0,Yes
FC 7B,jafont_4,123,11,7,E,0x45,49.0,Yes
FC 7C,jafont_4,124,12,7,朱,0x6731,0.0,Yes
FC 7D,jafont_4,125,13,7,,,0.0,No
FC 7E,jafont_4,126,14,7,赤,0x8d64,69.0,Yes
FC 7F,jafont_4,127,15,7,住,0x4f4f,30.0,Yes
FC 80,jafont_4,128,0,8,区,0x533a,70.0,No
FC 81,jafont_4,129,1,8,忘,0x5fd8,0.0,Yes
FC 82,jafont_4,130,2,8,東,0x6771,91.0,No
FC 83,jafont_4,131,3,8,北,0x5317,87.0,No
FC 84,jafont_4,132,4,8,参,0x53c2,87.0,No
FC 85,jafont_4,133,5,8,和,0x548c,5.0,Yes
FC 86,jafont_4,134,6,8,間,0x9593,81.0,No
FC 87,jafont_4,135,7,8,来,0x6765,68.0,Yes
FC 88,jafont_4,136,8,8,仕,0x4ed5,56.0,Yes
FC 89,jafont_4,137,9,8,別,0x5225,79.0,No
FC 8A,jafont_4,138,10,8,,,0.0,No
FC 8B,jafont_4,139,11,8,信,0x4fe1,93.0,No
FC 8C,jafont_4,140,12,8,用,0x7528,95.0,No
FC 8D,jafont_4,141,13,8,選,0x9078,31.0,Yes
FC 8E,jafont_4,142,14,8,毎,0x6bce,91.0,No
FC 8F,jafont_4,143,15,8,誤,0x8aa4,0.0,Yes
FC 90,jafont_4,144,0,9,枯,0x67af,74.0,No
FC 91,jafont_4,145,1,9,,,0.0,No
FC 92,jafont_4,146,2,9,伏,0x4f0f,0.0,Yes
FC 93,jafont_4,147,3,9,5,0x35,28.0,Yes
FC 94,jafont_4,148,4,9,好,0x597d,93.0,No
FC 95,jafont_4,149,5,9,邊,0x908a,31.0,Yes
FC 96,jafont_4,150,6,9,早,0x65e9,90.0,No
FC 97,jafont_4,151,7,9,各,0x5404,91.0,No
FC 98,jafont_4,152,8,9,外,0x5916,12.0,Yes
FC 99,jafont_4,153,9,9,配,0x914d,91.0,No
FC 9A,jafont_4,154,10,9,腐,0x8150,70.0,No
FC 9B,jafont_4,155,11,9,話,0x8a71,42.0,Yes
FC 9C,jafont_4,156,12,9,帰,0x5e30,35.0,Yes
FC 9D,jafont_4,157,13,9,氷,0x6c37,90.0,No
FC 9E,jafont_4,158,14,9,救,0x6551,0.0,Yes
FC 9F,jafont_4,159,15,9,感,0x611f,14.0,Yes
FC A0,jafont_4,160,0,10,故,0x6545,80.0,No
FC A1,jafont_4,161,1,10,守,0x5b88,0.0,Yes
FC A2,jafont_4,162,2,10,浮,0x6d6e,36.0,Yes
FC A3,jafont_4,163,3,10,市,0x5e02,96.0,No
FC A4,jafont_4,164,4,10,加,0x52a0,91.0,No
FC A5,jafont_4,165,5,10,流,0x6d41,91.0,No
FC A6,jafont_4,166,6,10,約,0x7d04,70.0,No
FC A7,jafont_4,167,7,10,宇,0x5b87,90.0,No
FC A8,jafont_4,168,8,10,礼,0x793c,34.0,Yes
FC A9,jafont_4,169,9,10,ま,0x307e,71.0,No
FC AA,jafont_4,170,10,10,母,0x6bcd,86.0,No
FC AB,jafont_4,171,11,10,=,0x3d,70.0,No
FC AC,jafont_4,172,12,10,年,0x5e74,96.0,No
FC AD,jafont_4,173,13,10,待,0x5f85,87.0,No
FC AE,jafont_4,174,14,10,由,0x7531,74.0,No
FC AF,jafont_4,175,15,10,立,0x7acb,0.0,Yes
FC B0,jafont_4,176,0,11,残,0x6b8b,27.0,Yes
FC B1,jafont_4,177,1,11,宙,0x5b99,0.0,Yes
FC B2,jafont_4,178,2,11,少,0x5c11,92.0,No
FC B3,jafont_4,179,3,11,精,0x7cbe,0.0,Yes
FC B4,jafont_4,180,4,11,十,0x5341,67.0,Yes
FC B5,jafont_4,181,5,11,私,0x79c1,93.0,No
FC B6,jafont_4,182,6,11,険,0x967a,0.0,Yes
FC B7,jafont_4,183,7,11,関,0x95a2,92.0,No
FC B8,jafont_4,184,8,11,倒,0x5012,92.0,No
FC B9,jafont_4,185,9,11,休,0x4f11,92.0,No
FC BA,jafont_4,186,10,11,匠,0x5320,0.0,Yes
FC BB,jafont_4,187,11,11,許,0x8a31,92.0,No
FC BC,jafont_4,188,12,11,郷,0x90f7,5.0,Yes
FC BD,jafont_4,189,13,11,,,0.0,No
FC BE,jafont_4,190,14,11,妥,0x59a5,63.0,Yes
FC BF,jafont_4,191,15,11,向,0x5411,0.0,Yes
FC C0,jafont_4,192,0,12,係,0x4fc2,62.0,Yes
FC C1,jafont_4,193,1,12,旧,0x65e7,82.0,No
FC C2,jafont_4,194,2,12,回,0x56de,81.0,No
FC C3,jafont_4,195,3,12,却,0x5374,0.0,Yes
FC C4,jafont_4,196,4,12,析,0x6790,0.0,Yes
FC C5,jafont_4,197,5,12,三,0x4e09,90.0,No
FC C6,jafont_4,198,6,12,議,0x8b70,67.0,Yes
FC C7,jafont_4,199,7,12,導,0x5c0e,80.0,No
FC C8,jafont_4,200,8,12,,,0.0,No
FC C9,jafont_4,201,9,12,師,0x5e2b,55.0,Yes
FC CA,jafont_4,202,10,12,説,0x8aac,29.0,Yes
FC CB,jafont_4,203,11,12,声,0x58f0,70.0,No
FC CC,jafont_4,204,12,12,仁,0x4ec1,81.0,No
FC CD,jafont_4,205,13,12,柱,0x67f1,59.0,Yes
FC CE,jafont_4,206,14,12,滴,0x6ef4,71.0,No
FC CF,jafont_4,207,15,12,未,0x672a,87.0,No
FC D0,jafont_4,208,0,13,衣,0x8863,9.0,Yes
FC D1,jafont_4,209,1,13,旅,0x65c5,51.0,Yes
FC D2,jafont_4,210,2,13,,,0.0,No
FC D3,jafont_4,211,3,13,,,0.0,No
FC D4,jafont_4,212,4,13,,,0.0,No
FC D5,jafont_4,213,5,13,,,0.0,No
FC D6,jafont_4,214,6,13,,,0.0,No
FC D7,jafont_4,215,7,13,,,0.0,No
FC D8,jafont_4,216,8,13,,,0.0,No
FC D9,jafont_4,217,9,13,,,0.0,No
FC DA,jafont_4,218,10,13,,,0.0,No
FC DB,jafont_4,219,11,13,,,0.0,No
FC DC,jafont_4,220,12,13,,,0.0,No
FC DD,jafont_4,221,13,13,,,0.0,No
FC DE,jafont_4,222,14,13,,,0.0,No
FC DF,jafont_4,223,15,13,,,0.0,No
FC E0,jafont_4,224,0,14,d,0x64,84.0,No
FC E1,jafont_4,225,1,14,b,0x62,78.0,No
FC E2,jafont_4,226,2,14,C,0x43,81.0,No
FC E3,jafont_4,227,3,14,d,0x64,91.0,No
FC E4,jafont_4,228,4,14,選,0x9078,45.0,Yes
FC E5,jafont_4,229,5,14,†,0x2020,63.0,Yes
FC E6,jafont_4,230,6,14,9,0x39,83.0,No
FC E7,jafont_4,231,7,14,h,0x68,88.0,No
FC E8,jafont_4,232,8,14,|,0x7c,79.0,No
FC E9,jafont_4,233,9,14,,,0.0,No
FC EA,jafont_4,234,10,14,k,0x6b,57.0,Yes
FC EB,jafont_4,235,11,14,|,0x7c,77.0,No
FC EC,jafont_4,236,12,14,『,0x300e,35.0,Yes
FC ED,jafont_4,237,13,14,1,0x31,72.0,No
FC EE,jafont_4,238,14,14,O,0x4f,73.0,No
FC EF,jafont_4,239,15,14,D,0x44,72.0,No
FC F0,jafont_4,240,0,15,@,0x40,54.0,Yes
FC F1,jafont_4,241,1,15,『,0x300e,88.0,No
FC F2,jafont_4,242,2,15,に,0x306b,49.0,Yes
FC F3,jafont_4,243,3,15,【,0x3010,57.0,Yes
FC F4,jafont_4,244,4,15,U,0x55,84.0,No
FC F5,jafont_4,245,5,15,V,0x56,84.0,No
FC F6,jafont_4,246,6,15,W,0x57,92.0,No
FC F7,jafont_4,247,7,15,X,0x58,65.0,Yes
FC F8,jafont_4,248,8,15,ヅ,0x30c5,78.0,No
FC F9,jafont_4,249,9,15,ノ,0x30ce,27.0,Yes
FC FA,jafont_4,250,10,15,,,0.0,No
FC FB,jafont_4,251,11,15,,,0.0,No
FC FC,jafont_4,252,12,15,,,0.0,No
FC FD,jafont_4,253,13,15,,,0.0,No
FC FE,jafont_4,254,14,15,,,0.0,No
FC FF,jafont_4,255,15,15,,,0.0,No
FD 00,jafont_5,0,0,0,友,0x53cb,93.0,No
FD 01,jafont_5,1,1,0,伝,0x4f1d,23.0,Yes
FD 02,jafont_5,2,2,0,夜,0x591c,72.0,No
FD 03,jafont_5,3,3,0,控,0x63a7,23.0,Yes
FD 04,jafont_5,4,4,0,対,0x5bfe,92.0,No
FD 05,jafont_5,5,5,0,調,0x8abf,89.0,No
FD 06,jafont_5,6,6,0,民,0x6c11,92.0,No
FD 07,jafont_5,7,7,0,読,0x8aad,0.0,Yes
FD 08,jafont_5,8,8,0,,,0.0,No
FD 09,jafont_5,9,9,0,束,0x675f,66.0,Yes
FD 0A,jafont_5,10,10,0,若,0x82e5,88.0,No
FD 0B,jafont_5,11,11,0,学,0x5b66,89.0,No
FD 0C,jafont_5,12,12,0,,,0.0,No
FD 0D,jafont_5,13,13,0,楽,0x697d,59.0,Yes
FD 0E,jafont_5,14,14,0,歳,0x6b73,0.0,Yes
FD 0F,jafont_5,15,15,0,,,0.0,No
FD 10,jafont_5,16,0,1,古,0x53e4,79.0,No
FD 11,jafont_5,17,1,1,B,0x42,37.0,Yes
FD 12,jafont_5,18,2,1,困,0x56f0,56.0,Yes
FD 13,jafont_5,19,3,1,合,0x5408,0.0,Yes
FD 14,jafont_5,20,4,1,準,0x6e96,0.0,Yes
FD 15,jafont_5,21,5,1,7,0x37,90.0,No
FD 16,jafont_5,22,6,1,認,0x8a8d,0.0,Yes
FD 17,jafont_5,23,7,1,ー,0x30fc,21.0,Yes
FD 18,jafont_5,24,8,1,務,0x52d9,90.0,No
FD 19,jafont_5,25,9,1,に,0x306b,65.0,Yes
FD 1A,jafont_5,26,10,1,他,0x4ed6,92.0,No
FD 1B,jafont_5,27,11,1,再,0x518d,37.0,Yes
FD 1C,jafont_5,28,12,1,は,0x306f,11.0,Yes
FD 1D,jafont_5,29,13,1,役,0x5f79,92.0,No
FD 1E,jafont_5,30,14,1,,,0.0,No
FD 1F,jafont_5,31,15,1,情,0x60c5,88.0,No
FD 20,jafont_5,32,0,2,豊,0x8c4a,68.0,Yes
FD 21,jafont_5,33,1,2,夫,0x592b,90.0,No
FD 22,jafont_5,34,2,2,近,0x8fd1,92.0,No
FD 23,jafont_5,35,3,2,届,0x5c4a,39.0,Yes
FD 24,jafont_5,36,4,2,貢,0x8ca2,25.0,Yes
FD 25,jafont_5,37,5,2,,,0.0,No
FD 26,jafont_5,38,6,2,求,0x6c42,86.0,No
FD 27,jafont_5,39,7,2,錠,0x9320,42.0,Yes
FD 28,jafont_5,40,8,2,貸,0x8cb8,6.0,Yes
FD 29,jafont_5,41,9,2,期,0x671f,69.0,Yes
FD 2A,jafont_5,42,10,2,虐,0x8650,46.0,Yes
FD 2B,jafont_5,43,11,2,,,0.0,No
FD 2C,jafont_5,44,12,2,混,0x6df7,4.0,Yes
FD 2D,jafont_5,45,13,2,は,0x306f,11.0,Yes
FD 2E,jafont_5,46,14,2,保,0x4fdd,91.0,No
FD 2F,jafont_5,47,15,2,宙,0x5b99,0.0,Yes
FD 30,jafont_5,48,0,3,届,0x5c4a,68.0,Yes
FD 31,jafont_5,49,1,3,類,0x985e,0.0,Yes
FD 32,jafont_5,50,2,3,舌,0x820c,0.0,Yes
FD 33,jafont_5,51,3,3,向,0x5411,92.0,No
FD 34,jafont_5,52,4,3,可,0x53ef,92.0,No
FD 35,jafont_5,53,5,3,妖,0x5996,0.0,Yes
FD 36,jafont_5,54,6,3,貞,0x8c9e,0.0,Yes
FD 37,jafont_5,55,7,3,申,0x7533,91.0,No
FD 38,jafont_5,56,8,3,次,0x6b21,96.0,No
FD 39,jafont_5,57,9,3,国,0x56fd,91.0,No
FD 3A,jafont_5,58,10,3,素,0x7d20,31.0,Yes
FD 3B,jafont_5,59,11,3,た,0x305f,60.0,Yes
FD 3C,jafont_5,60,12,3,普,0x666e,57.0,Yes
FD 3D,jafont_5,61,13,3,か,0x304b,16.0,Yes
FD 3E,jafont_5,62,14,3,記,0x8a18,0.0,Yes
FD 3F,jafont_5,63,15,3,巨,0x5de8,34.0,Yes
FD 40,jafont_5,64,0,4,泣,0x6ce3,67.0,Yes
FD 41,jafont_5,65,1,4,凡,0x51e1,0.0,Yes
FD 42,jafont_5,66,2,4,術,0x8853,38.0,Yes
FD 43,jafont_5,67,3,4,演,0x6f14,65.0,Yes
FD 44,jafont_5,68,4,4,7,0x37,42.0,Yes
FD 45,jafont_5,69,5,4,貞,0x8c9e,44.0,Yes
FD 46,jafont_5,70,6,4,途,0x9014,92.0,No
FD 47,jafont_5,71,7,4,浴,0x6d74,0.0,Yes
FD 48,jafont_5,72,8,4,老,0x8001,92.0,No
FD 49,jafont_5,73,9,4,4,0x34,93.0,No
FD 4A,jafont_5,74,10,4,利,0x5229,80.0,No
FD 4B,jafont_5,75,11,4,軍,0x8ecd,6.0,Yes
FD 4C,jafont_5,76,12,4,格,0x683c,92.0,No
FD 4D,jafont_5,77,13,4,原,0x539f,85.0,No
FD 4E,jafont_5,78,14,4,官,0x5b98,0.0,Yes
FD 4F,jafont_5,79,15,4,,,0.0,No
FD 50,jafont_5,80,0,5,炭,0x70ad,84.0,No
FD 51,jafont_5,81,1,5,彼,0x5f7c,49.0,Yes
FD 52,jafont_5,82,2,5,房,0x623f,30.0,Yes
FD 53,jafont_5,83,3,5,評,0x8a55,0.0,Yes
FD 54,jafont_5,84,4,5,と,0x3068,49.0,Yes
FD 55,jafont_5,85,5,5,注,0x6ce8,88.0,No
FD 56,jafont_5,86,6,5,ま,0x307e,80.0,No
FD 57,jafont_5,87,7,5,衆,0x8846,0.0,Yes
FD 58,jafont_5,88,8,5,語,0x8a9e,68.0,Yes
FD 59,jafont_5,89,9,5,証,0x8a3c,93.0,No
FD 5A,jafont_5,90,10,5,深,0x6df1,55.0,Yes
FD 5B,jafont_5,91,11,5,層,0x5c64,49.0,Yes
FD 5C,jafont_5,92,12,5,三,0x4e09,91.0,No
FD 5D,jafont_5,93,13,5,渡,0x6e21,73.0,No
FD 5E,jafont_5,94,14,5,写,0x5199,67.0,Yes
FD 5F,jafont_5,95,15,5,科,0x79d1,83.0,No
FD 60,jafont_5,96,0,6,谷,0x8c37,69.0,Yes
FD 61,jafont_5,97,1,6,店,0x5e97,94.0,No
FD 62,jafont_5,98,2,6,括,0x62ec,84.0,No
FD 63,jafont_5,99,3,6,所,0x6240,42.0,Yes
FD 64,jafont_5,100,4,6,酬,0x916c,42.0,Yes
FD 65,jafont_5,101,5,6,呆,0x5446,0.0,Yes
FD 66,jafont_5,102,6,6,研,0x7814,0.0,Yes
FD 67,jafont_5,103,7,6,権,0x6a29,91.0,No
FD 68,jafont_5,104,8,6,書,0x66f8,92.0,No
FD 69,jafont_5,105,9,6,中,0x4e2d,4.0,Yes
FD 6A,jafont_5,106,10,6,,,0.0,No
FD 6B,jafont_5,107,11,6,派,0x6d3e,23.0,Yes
FD 6C,jafont_5,108,12,6,千,0x5343,73.0,No
FD 6D,jafont_5,109,13,6,広,0x5e83,92.0,No
FD 6E,jafont_5,110,14,6,川,0x5ddd,91.0,No
FD 6F,jafont_5,111,15,6,貸,0x8cb8,44.0,Yes
FD 70,jafont_5,112,0,7,語,0x8a9e,22.0,Yes
FD 71,jafont_5,113,1,7,給,0x7d66,0.0,Yes
FD 72,jafont_5,114,2,7,在,0x5728,90.0,No
FD 73,jafont_5,115,3,7,党,0x515a,0.0,Yes
FD 74,jafont_5,116,4,7,岩,0x5ca9,85.0,No
FD 75,jafont_5,117,5,7,服,0x670d,72.0,No
FD 76,jafont_5,118,6,7,授,0x6388,0.0,Yes
FD 77,jafont_5,119,7,7,姉,0x59c9,71.0,No
FD 78,jafont_5,120,8,7,敷,0x6577,66.0,Yes
FD 79,jafont_5,121,9,7,胸,0x80f8,86.0,No
FD 7A,jafont_5,122,10,7,誕,0x8a95,0.0,Yes
FD 7B,jafont_5,123,11,7,谷,0x8c37,93.0,No
FD 7C,jafont_5,124,12,7,痛,0x75db,8.0,Yes
FD 7D,jafont_5,125,13,7,大,0x5927,26.0,Yes
FD 7E,jafont_5,126,14,7,生,0x751f,0.0,Yes
FD 7F,jafont_5,127,15,7,,,0.0,No
FD 80,jafont_5,128,0,8,畑,0x7551,31.0,Yes
FD 81,jafont_5,129,1,8,次,0x6b21,77.0,No
FD 82,jafont_5,130,2,8,が,0x304c,0.0,Yes
FD 83,jafont_5,131,3,8,具,0x5177,0.0,Yes
FD 84,jafont_5,132,4,8,抹,0x62b9,90.0,No
FD 85,jafont_5,133,5,8,=,0x3d,48.0,Yes
FD 86,jafont_5,134,6,8,示,0x793a,30.0,Yes
FD 87,jafont_5,135,7,8,修,0x4fee,93.0,No
FD 88,jafont_5,136,8,8,酸,0x9178,92.0,No
FD 89,jafont_5,137,9,8,E,0x45,3.0,Yes
FD 8A,jafont_5,138,10,8,歓,0x6b53,91.0,No
FD 8B,jafont_5,139,11,8,接,0x63a5,90.0,No
FD 8C,jafont_5,140,12,8,障,0x969c,67.0,Yes
FD 8D,jafont_5,141,13,8,人,0x4eba,22.0,Yes
FD 8E,jafont_5,142,14,8,室,0x5ba4,91.0,No
FD 8F,jafont_5,143,15,8,索,0x7d22,91.0,No
FD 90,jafont_5,144,0,9,扉,0x6249,0.0,Yes
FD 91,jafont_5,145,1,9,傷,0x50b7,0.0,Yes
FD 92,jafont_5,146,2,9,の,0x306e,47.0,Yes
FD 93,jafont_5,147,3,9,優,0x512a,74.0,No
FD 94,jafont_5,148,4,9,大,0x5927,50.0,Yes
FD 95,jafont_5,149,5,9,警,0x8b66,0.0,Yes
FD 96,jafont_5,150,6,9,ニ,0x30cb,92.0,No
FD 97,jafont_5,151,7,9,避,0x907f,41.0,Yes
FD 98,jafont_5,152,8,9,境,0x5883,41.0,Yes
FD 99,jafont_5,153,9,9,評,0x8a55,0.0,Yes
FD 9A,jafont_5,154,10,9,医,0x533b,91.0,No
FD 9B,jafont_5,155,11,9,怖,0x6016,91.0,No
FD 9C,jafont_5,156,12,9,|,0x7c,49.0,Yes
FD 9D,jafont_5,157,13,9,協,0x5354,28.0,Yes
FD 9E,jafont_5,158,14,9,2,0x32,35.0,Yes
FD 9F,jafont_5,159,15,9,資,0x8cc7,93.0,No
FD A0,jafont_5,160,0,10,設,0x8a2d,38.0,Yes
FD A1,jafont_5,161,1,10,雇,0x96c7,0.0,Yes
FD A2,jafont_5,162,2,10,根,0x6839,91.0,No
FD A3,jafont_5,163,3,10,信,0x4fe1,0.0,Yes
FD A4,jafont_5,164,4,10,ョ,0x30e7,86.0,No
FD A5,jafont_5,165,5,10,憲,0x61b2,22.0,Yes
FD A6,jafont_5,166,6,10,唯,0x552f,33.0,Yes
FD A7,jafont_5,167,7,10,細,0x7d30,0.0,Yes
FD A8,jafont_5,168,8,10,写,0x5199,90.0,No
FD A9,jafont_5,169,9,10,病,0x75c5,92.0,No
FD AA,jafont_5,170,10,10,依,0x4f9d,83.0,No
FD AB,jafont_5,171,11,10,馴,0x99b4,0.0,Yes
FD AC,jafont_5,172,12,10,妹,0x59b9,0.0,Yes
FD AD,jafont_5,173,13,10,順,0x9806,90.0,No
FD AE,jafont_5,174,14,10,園,0x5712,22.0,Yes
FD AF,jafont_5,175,15,10,人,0x4eba,30.0,Yes
FD B0,jafont_5,176,0,11,7,0x37,57.0,Yes
FD B1,jafont_5,177,1,11,維,0x7dad,88.0,No
FD B2,jafont_5,178,2,11,検,0x691c,87.0,No
FD B3,jafont_5,179,3,11,9,0x39,61.0,Yes
FD B4,jafont_5,180,4,11,詩,0x8a69,28.0,Yes
FD B5,jafont_5,181,5,11,補,0x88dc,89.0,No
FD B6,jafont_5,182,6,11,ク,0x30af,28.0,Yes
FD B7,jafont_5,183,7,11,働,0x50cd,46.0,Yes
FD B8,jafont_5,184,8,11,内,0x5185,74.0,No
FD B9,jafont_5,185,9,11,朝,0x671d,91.0,No
FD BA,jafont_5,186,10,11,浪,0x6d6a,62.0,Yes
FD BB,jafont_5,187,11,11,祝,0x795d,61.0,Yes
FD BC,jafont_5,188,12,11,師,0x5e2b,0.0,Yes
FD BD,jafont_5,189,13,11,朗,0x6717,65.0,Yes
FD BE,jafont_5,190,14,11,間,0x9593,0.0,Yes
FD BF,jafont_5,191,15,11,春,0x6625,54.0,Yes
FD C0,jafont_5,192,0,12,功,0x529f,83.0,No
FD C1,jafont_5,193,1,12,耳,0x8033,84.0,No
FD C2,jafont_5,194,2,12,吊,0x540a,0.0,Yes
FD C3,jafont_5,195,3,12,$,0x24,0.0,Yes
FD C4,jafont_5,196,4,12,美,0x7f8e,0.0,Yes
FD C5,jafont_5,197,5,12,辺,0x8fba,92.0,No
FD C6,jafont_5,198,6,12,昇,0x6607,0.0,Yes
FD C7,jafont_5,199,7,12,悩,0x60a9,69.0,Yes
FD C8,jafont_5,200,8,12,泊,0x6cca,86.0,No
FD C9,jafont_5,201,9,12,低,0x4f4e,92.0,No
FD CA,jafont_5,202,10,12,油,0x6cb9,0.0,Yes
FD CB,jafont_5,203,11,12,ジ,0x30b8,15.0,Yes
FD CC,jafont_5,204,12,12,,,0.0,No
FD CD,jafont_5,205,13,12,,,0.0,No
FD CE,jafont_5,206,14,12,大,0x5927,49.0,Yes
FD CF,jafont_5,207,15,12,瞬,0x77ac,47.0,Yes
FD D0,jafont_5,208,0,13,希,0x5e0c,11.0,Yes
FD D1,jafont_5,209,1,13,記,0x8a18,50.0,Yes
FD D2,jafont_5,210,2,13,,,0.0,No
FD D3,jafont_5,211,3,13,,,0.0,No
FD D4,jafont_5,212,4,13,,,0.0,No
FD D5,jafont_5,213,5,13,,,0.0,No
FD D6,jafont_5,214,6,13,,,0.0,No
FD D7,jafont_5,215,7,13,,,0.0,No
FD D8,jafont_5,216,8,13,,,0.0,No
FD D9,jafont_5,217,9,13,,,0.0,No
FD DA,jafont_5,218,10,13,,,0.0,No
FD DB,jafont_5,219,11,13,,,0.0,No
FD DC,jafont_5,220,12,13,,,0.0,No
FD DD,jafont_5,221,13,13,,,0.0,No
FD DE,jafont_5,222,14,13,,,0.0,No
FD DF,jafont_5,223,15,13,,,0.0,No
FD E0,jafont_5,224,0,14,,,0.0,No
FD E1,jafont_5,225,1,14,,,0.0,No
FD E2,jafont_5,226,2,14,,,0.0,No
FD E3,jafont_5,227,3,14,,,0.0,No
FD E4,jafont_5,228,4,14,,,0.0,No
FD E5,jafont_5,229,5,14,,,0.0,No
FD E6,jafont_5,230,6,14,,,0.0,No
FD E7,jafont_5,231,7,14,,,0.0,No
FD E8,jafont_5,232,8,14,,,0.0,No
FD E9,jafont_5,233,9,14,,,0.0,No
FD EA,jafont_5,234,10,14,,,0.0,No
FD EB,jafont_5,235,11,14,,,0.0,No
FD EC,jafont_5,236,12,14,,,0.0,No
FD ED,jafont_5,237,13,14,,,0.0,No
FD EE,jafont_5,238,14,14,,,0.0,No
FD EF,jafont_5,239,15,14,,,0.0,No
FD F0,jafont_5,240,0,15,,,0.0,No
FD F1,jafont_5,241,1,15,,,0.0,No
FD F2,jafont_5,242,2,15,,,0.0,No
FD F3,jafont_5,243,3,15,,,0.0,No
FD F4,jafont_5,244,4,15,,,0.0,No
FD F5,jafont_5,245,5,15,,,0.0,No
FD F6,jafont_5,246,6,15,,,0.0,No
FD F7,jafont_5,247,7,15,,,0.0,No
FD F8,jafont_5,248,8,15,,,0.0,No
FD F9,jafont_5,249,9,15,,,0.0,No
FD FA,jafont_5,250,10,15,,,0.0,No
FD FB,jafont_5,251,11,15,,,0.0,No
FD FC,jafont_5,252,12,15,,,0.0,No
FD FD,jafont_5,253,13,15,,,0.0,No
FD FE,jafont_5,254,14,15,,,0.0,No
FD FF,jafont_5,255,15,15,,,0.0,No
FE 00,jafont_6,0,0,0,,,0.0,No
FE 01,jafont_6,1,1,0,I,0x49,9.0,Yes
FE 02,jafont_6,2,2,0,団,0x56e3,77.0,No
FE 03,jafont_6,3,3,0,#,0x23,0.0,Yes
FE 04,jafont_6,4,4,0,折,0x6298,75.0,No
FE 05,jafont_6,5,5,0,違,0x9055,3.0,Yes
FE 06,jafont_6,6,6,0,提,0x63d0,92.0,No
FE 07,jafont_6,7,7,0,断,0x65ad,84.0,No
FE 08,jafont_6,8,8,0,,,0.0,No
FE 09,jafont_6,9,9,0,,,0.0,No
FE 0A,jafont_6,10,10,0,油,0x6cb9,51.0,Yes
FE 0B,jafont_6,11,11,0,知,0x77e5,0.0,Yes
FE 0C,jafont_6,12,12,0,位,0x4f4d,28.0,Yes
FE 0D,jafont_6,13,13,0,存,0x5b58,92.0,No
FE 0E,jafont_6,14,14,0,企,0x4f01,62.0,Yes
FE 0F,jafont_6,15,15,0,L,0x4c,0.0,Yes
FE 10,jafont_6,16,0,1,浸,0x6d78,51.0,Yes
FE 11,jafont_6,17,1,1,非,0x975e,39.0,Yes
FE 12,jafont_6,18,2,1,応,0x5fdc,90.0,No
FE 13,jafont_6,19,3,1,細,0x7d30,18.0,Yes
FE 14,jafont_6,20,4,1,,,0.0,No
FE 15,jafont_6,21,5,1,幼,0x5e7c,0.0,Yes
FE 16,jafont_6,22,6,1,排,0x6392,70.0,No
FE 17,jafont_6,23,7,1,<,0x3c,53.0,Yes
FE 18,jafont_6,24,8,1,%,0x25,0.0,Yes
FE 19,jafont_6,25,9,1,談,0x8ac7,92.0,No
FE 1A,jafont_6,26,10,1,,,0.0,No
FE 1B,jafont_6,27,11,1,埋,0x57cb,92.0,No
FE 1C,jafont_6,28,12,1,宮,0x5bae,0.0,Yes
FE 1D,jafont_6,29,13,1,\,0x5c,34.0,Yes
FE 1E,jafont_6,30,14,1,,,0.0,No
FE 1F,jafont_6,31,15,1,個,0x500b,93.0,No
FE 20,jafont_6,32,0,2,益,0x76ca,27.0,Yes
FE 21,jafont_6,33,1,2,損,0x640d,79.0,No
FE 22,jafont_6,34,2,2,名,0x540d,16.0,Yes
FE 23,jafont_6,35,3,2,区,0x533a,95.0,No
FE 24,jafont_6,36,4,2,寒,0x5bd2,82.0,No
FE 25,jafont_6,37,5,2,間,0x9593,88.0,No
FE 26,jafont_6,38,6,2,條,0x689d,0.0,Yes
FE 27,jafont_6,39,7,2,例,0x4f8b,92.0,No
FE 28,jafont_6,40,8,2,肉,0x8089,92.0,No
FE 29,jafont_6,41,9,2,博,0x535a,90.0,No
FE 2A,jafont_6,42,10,2,,,0.0,No
FE 2B,jafont_6,43,11,2,宣,0x5ba3,0.0,Yes
FE 2C,jafont_6,44,12,2,理,0x7406,20.0,Yes
FE 2D,jafont_6,45,13,2,臓,0x81d3,0.0,Yes
FE 2E,jafont_6,46,14,2,負,0x8ca0,93.0,No
FE 2F,jafont_6,47,15,2,計,0x8a08,74.0,No
FE 30,jafont_6,48,0,3,属,0x5c5e,14.0,Yes
FE 31,jafont_6,49,1,3,膨,0x81a8,79.0,No
FE 32,jafont_6,50,2,3,飲,0x98f2,92.0,No
FE 33,jafont_6,51,3,3,2,0x32,40.0,Yes
FE 34,jafont_6,52,4,3,1,0x31,47.0,Yes
FE 35,jafont_6,53,5,3,憎,0x618e,81.0,No
FE 36,jafont_6,54,6,3,増,0x5897,80.0,No
FE 37,jafont_6,55,7,3,枚,0x679a,92.0,No
FE 38,jafont_6,56,8,3,旨,0x65e8,0.0,Yes
FE 39,jafont_6,57,9,3,上,0x4e0a,0.0,Yes
FE 3A,jafont_6,58,10,3,療,0x7642,73.0,No
FE 3B,jafont_6,59,11,3,庫,0x5eab,90.0,No
FE 3C,jafont_6,60,12,3,涙,0x6d99,46.0,Yes
FE 3D,jafont_6,61,13,3,昭,0x662d,1.0,Yes
FE 3E,jafont_6,62,14,3,刀,0x5200,1.0,Yes
FE 3F,jafont_6,63,15,3,増,0x5897,0.0,Yes
FE 40,jafont_6,64,0,4,,,0.0,No
FE 41,jafont_6,65,1,4,ミ,0x30df,0.0,Yes
FE 42,jafont_6,66,2,4,|,0x7c,30.0,Yes
FE 43,jafont_6,67,3,4,,,0.0,No
FE 44,jafont_6,68,4,4,表,0x8868,0.0,Yes
FE 45,jafont_6,69,5,4,二,0x4e8c,0.0,Yes
FE 46,jafont_6,70,6,4,奴,0x5974,85.0,No
FE 47,jafont_6,71,7,4,丈,0x4e08,89.0,No
FE 48,jafont_6,72,8,4,,,0.0,No
FE 49,jafont_6,73,9,4,ト,0x30c8,0.0,Yes
FE 4A,jafont_6,74,10,4,概,0x6982,87.0,No
FE 4B,jafont_6,75,11,4,招,0x62db,92.0,No
FE 4C,jafont_6,76,12,4,ピ,0x30d4,0.0,Yes
FE 4D,jafont_6,77,13,4,較,0x8f03,64.0,Yes
FE 4E,jafont_6,78,14,4,析,0x6790,92.0,No
FE 4F,jafont_6,79,15,4,此,0x6b64,0.0,Yes
FE 50,jafont_6,80,0,5,殖,0x6b96,18.0,Yes
FE 51,jafont_6,81,1,5,耐,0x8010,59.0,Yes
FE 52,jafont_6,82,2,5,,,0.0,No
FE 53,jafont_6,83,3,5,中,0x4e2d,0.0,Yes
FE 54,jafont_6,84,4,5,称,0x79f0,70.0,No
FE 55,jafont_6,85,5,5,十,0x5341,85.0,No
FE 56,jafont_6,86,6,5,礎,0x790e,60.0,Yes
FE 57,jafont_6,87,7,5,史,0x53f2,90.0,No
FE 58,jafont_6,88,8,5,,,0.0,No
FE 59,jafont_6,89,9,5,容,0x5bb9,93.0,No
FE 5A,jafont_6,90,10,5,噂,0x5642,7.0,Yes
FE 5B,jafont_6,91,11,5,宮,0x5bae,56.0,Yes
FE 5C,jafont_6,92,12,5,胞,0x80de,71.0,No
FE 5D,jafont_6,93,13,5,只,0x53ea,0.0,Yes
FE 5E,jafont_6,94,14,5,表,0x8868,90.0,No
FE 5F,jafont_6,95,15,5,人,0x4eba,4.0,Yes
FE 60,jafont_6,96,0,6,有,0x6709,31.0,Yes
FE 61,jafont_6,97,1,6,妹,0x59b9,90.0,No
FE 62,jafont_6,98,2,6,氏,0x6c0f,91.0,No
FE 63,jafont_6,99,3,6,,,0.0,No
FE 64,jafont_6,100,4,6,停,0x505c,84.0,No
FE 65,jafont_6,101,5,6,非,0x975e,62.0,Yes
FE 66,jafont_6,102,6,6,,,0.0,No
FE 67,jafont_6,103,7,6,健,0x5065,93.0,No
FE 68,jafont_6,104,8,6,焼,0x713c,46.0,Yes
FE 69,jafont_6,105,9,6,払,0x6255,93.0,No
FE 6A,jafont_6,106,10,6,侵,0x4fb5,71.0,No
FE 6B,jafont_6,107,11,6,,,0.0,No
FE 6C,jafont_6,108,12,6,愛,0x611b,85.0,No
FE 6D,jafont_6,109,13,6,,,0.0,No
FE 6E,jafont_6,110,14,6,由,0x7531,52.0,Yes
FE 6F,jafont_6,111,15,6,舎,0x820e,0.0,Yes
FE 70,jafont_6,112,0,7,川,0x5ddd,0.0,Yes
FE 71,jafont_6,113,1,7,H,0x48,19.0,Yes
FE 72,jafont_6,114,2,7,清,0x6e05,92.0,No
FE 73,jafont_6,115,3,7,際,0x969b,90.0,No
FE 74,jafont_6,116,4,7,で,0x3067,40.0,Yes
FE 75,jafont_6,117,5,7,評,0x8a55,92.0,No
FE 76,jafont_6,118,6,7,課,0x8ab2,87.0,No
FE 77,jafont_6,119,7,7,名,0x540d,35.0,Yes
FE 78,jafont_6,120,8,7,|,0x7c,36.0,Yes
FE 79,jafont_6,121,9,7,才,0x624d,0.0,Yes
FE 7A,jafont_6,122,10,7,偉,0x5049,0.0,Yes
FE 7B,jafont_6,123,11,7,誤,0x8aa4,0.0,Yes
FE 7C,jafont_6,124,12,7,価,0x4fa1,93.0,No
FE 7D,jafont_6,125,13,7,欠,0x6b20,85.0,No
FE 7E,jafont_6,126,14,7,,,0.0,No
FE 7F,jafont_6,127,15,7,民,0x6c11,17.0,Yes
FE 80,jafont_6,128,0,8,n,0x6e,4.0,Yes
FE 81,jafont_6,129,1,8,r,0x72,55.0,Yes
FE 82,jafont_6,130,2,8,送,0x9001,79.0,No
FE 83,jafont_6,131,3,8,周,0x5468,76.0,No
FE 84,jafont_6,132,4,8,順,0x9806,0.0,Yes
FE 85,jafont_6,133,5,8,労,0x52b4,0.0,Yes
FE 86,jafont_6,134,6,8,植,0x690d,90.0,No
FE 87,jafont_6,135,7,8,施,0x65bd,92.0,No
FE 88,jafont_6,136,8,8,販,0x8ca9,93.0,No
FE 89,jafont_6,137,9,8,台,0x53f0,92.0,No
FE 8A,jafont_6,138,10,8,度,0x5ea6,92.0,No
FE 8B,jafont_6,139,11,8,嫌,0x5acc,80.0,No
FE 8C,jafont_6,140,12,8,族,0x65cf,0.0,Yes
FE 8D,jafont_6,141,13,8,2,0x32,29.0,Yes
FE 8E,jafont_6,142,14,8,縮,0x7e2e,0.0,Yes
FE 8F,jafont_6,143,15,8,誘,0x8a98,0.0,Yes
FE 90,jafont_6,144,0,9,仮,0x4eee,20.0,Yes
FE 91,jafont_6,145,1,9,借,0x501f,78.0,No
FE 92,jafont_6,146,2,9,中,0x4e2d,32.0,Yes
FE 93,jafont_6,147,3,9,席,0x5e2d,90.0,No
FE 94,jafont_6,148,4,9,式,0x5f0f,31.0,Yes
FE 95,jafont_6,149,5,9,ニ,0x30cb,49.0,Yes
FE 96,jafont_6,150,6,9,珍,0x73cd,0.0,Yes
FE 97,jafont_6,151,7,9,酔,0x9154,89.0,No
FE 98,jafont_6,152,8,9,試,0x8a66,59.0,Yes
FE 99,jafont_6,153,9,9,同,0x540c,0.0,Yes
FE 9A,jafont_6,154,10,9,上,0x4e0a,34.0,Yes
FE 9B,jafont_6,155,11,9,5,0x35,60.0,Yes
FE 9C,jafont_6,156,12,9,稚,0x7a1a,42.0,Yes
FE 9D,jafont_6,157,13,9,レ,0x30ec,37.0,Yes
FE 9E,jafont_6,158,14,9,,,0.0,No
FE 9F,jafont_6,159,15,9,ミ,0x30df,81.0,No
FE A0,jafont_6,160,0,10,祖,0x7956,59.0,Yes
FE A1,jafont_6,161,1,10,情,0x60c5,0.0,Yes
FE A2,jafont_6,162,2,10,偶,0x5076,31.0,Yes
FE A3,jafont_6,163,3,10,が,0x304c,50.0,Yes
FE A4,jafont_6,164,4,10,当,0x5f53,42.0,Yes
FE A5,jafont_6,165,5,10,矯,0x77ef,0.0,Yes
FE A6,jafont_6,166,6,10,柏,0x67cf,11.0,Yes
FE A7,jafont_6,167,7,10,燃,0x71c3,77.0,No
FE A8,jafont_6,168,8,10,憎,0x618e,0.0,Yes
FE A9,jafont_6,169,9,10,快,0x5feb,31.0,Yes
FE AA,jafont_6,170,10,10,劇,0x5287,88.0,No
FE AB,jafont_6,171,11,10,U,0x55,11.0,Yes
FE AC,jafont_6,172,12,10,選,0x9078,53.0,Yes
FE AD,jafont_6,173,13,10,抵,0x62b5,90.0,No
FE AE,jafont_6,174,14,10,山,0x5c71,0.0,Yes
FE AF,jafont_6,175,15,10,程,0x7a0b,0.0,Yes
FE B0,jafont_6,176,0,11,#,0x23,0.0,Yes
FE B1,jafont_6,177,1,11,腹,0x8179,92.0,No
FE B2,jafont_6,178,2,11,橋,0x6a4b,30.0,Yes
FE B3,jafont_6,179,3,11,日,0x65e5,79.0,No
FE B4,jafont_6,180,4,11,処,0x51e6,90.0,No
FE B5,jafont_6,181,5,11,史,0x53f2,56.0,Yes
FE B6,jafont_6,182,6,11,杯,0x676f,86.0,No
FE B7,jafont_6,183,7,11,寺,0x5bfa,0.0,Yes
FE B8,jafont_6,184,8,11,坊,0x574a,90.0,No
FE B9,jafont_6,185,9,11,週,0x9031,37.0,Yes
FE BA,jafont_6,186,10,11,,,0.0,No
FE BB,jafont_6,187,11,11,三,0x4e09,92.0,No
FE BC,jafont_6,188,12,11,軽,0x8efd,62.0,Yes
FE BD,jafont_6,189,13,11,,,0.0,No
FE BE,jafont_6,190,14,11,和,0x548c,0.0,Yes
FE BF,jafont_6,191,15,11,*,0x2a,90.0,No
FE C0,jafont_6,192,0,12,土,0x571f,87.0,No
FE C1,jafont_6,193,1,12,姫,0x59eb,50.0,Yes
FE C2,jafont_6,194,2,12,庭,0x5ead,46.0,Yes
FE C3,jafont_6,195,3,12,観,0x89b3,89.0,No
FE C4,jafont_6,196,4,12,和,0x548c,0.0,Yes
FE C5,jafont_6,197,5,12,横,0x6a2a,90.0,No
FE C6,jafont_6,198,6,12,|,0x7c,91.0,No
FE C7,jafont_6,199,7,12,丘,0x4e18,85.0,No
FE C8,jafont_6,200,8,12,享,0x4eab,0.0,Yes
FE C9,jafont_6,201,9,12,財,0x8ca1,90.0,No
FE CA,jafont_6,202,10,12,健,0x5065,42.0,Yes
FE CB,jafont_6,203,11,12,布,0x5e03,0.0,Yes
FE CC,jafont_6,204,12,12,規,0x898f,0.0,Yes
FE CD,jafont_6,205,13,12,証,0x8a3c,0.0,Yes
FE CE,jafont_6,206,14,12,柄,0x67c4,74.0,No
FE CF,jafont_6,207,15,12,記,0x8a18,0.0,Yes
FE D0,jafont_6,208,0,13,区,0x533a,0.0,Yes
FE D1,jafont_6,209,1,13,所,0x6240,0.0,Yes
FE D2,jafont_6,210,2,13,,,0.0,No
FE D3,jafont_6,211,3,13,,,0.0,No
FE D4,jafont_6,212,4,13,,,0.0,No
FE D5,jafont_6,213,5,13,,,0.0,No
FE D6,jafont_6,214,6,13,,,0.0,No
FE D7,jafont_6,215,7,13,,,0.0,No
FE D8,jafont_6,216,8,13,,,0.0,No
FE D9,jafont_6,217,9,13,,,0.0,No
FE DA,jafont_6,218,10,13,,,0.0,No
FE DB,jafont_6,219,11,13,,,0.0,No
FE DC,jafont_6,220,12,13,,,0.0,No
FE DD,jafont_6,221,13,13,,,0.0,No
FE DE,jafont_6,222,14,13,,,0.0,No
FE DF,jafont_6,223,15,13,,,0.0,No
FE E0,jafont_6,224,0,14,,,0.0,No
FE E1,jafont_6,225,1,14,,,0.0,No
FE E2,jafont_6,226,2,14,,,0.0,No
FE E3,jafont_6,227,3,14,,,0.0,No
FE E4,jafont_6,228,4,14,,,0.0,No
FE E5,jafont_6,229,5,14,,,0.0,No
FE E6,jafont_6,230,6,14,,,0.0,No
FE E7,jafont_6,231,7,14,,,0.0,No
FE E8,jafont_6,232,8,14,,,0.0,No
FE E9,jafont_6,233,9,14,,,0.0,No
FE EA,jafont_6,234,10,14,,,0.0,No
FE EB,jafont_6,235,11,14,,,0.0,No
FE EC,jafont_6,236,12,14,,,0.0,No
FE ED,jafont_6,237,13,14,,,0.0,No
FE EE,jafont_6,238,14,14,,,0.0,No
FE EF,jafont_6,239,15,14,,,0.0,No
FE F0,jafont_6,240,0,15,,,0.0,No
FE F1,jafont_6,241,1,15,,,0.0,No
FE F2,jafont_6,242,2,15,,,0.0,No
FE F3,jafont_6,243,3,15,,,0.0,No
FE F4,jafont_6,244,4,15,,,0.0,No
FE F5,jafont_6,245,5,15,,,0.0,No
FE F6,jafont_6,246,6,15,,,0.0,No
FE F7,jafont_6,247,7,15,,,0.0,No
FE F8,jafont_6,248,8,15,,,0.0,No
FE F9,jafont_6,249,9,15,,,0.0,No
FE FA,jafont_6,250,10,15,,,0.0,No
FE FB,jafont_6,251,11,15,,,0.0,No
FE FC,jafont_6,252,12,15,,,0.0,No
FE FD,jafont_6,253,13,15,,,0.0,No
FE FE,jafont_6,254,14,15,,,0.0,No
FE FF,jafont_6,255,15,15,,,0.0,No
